id,name,categories,latitude,longitude,state,college,distance_from_college,rating,review_count,permanently_closed,TakesReservations,Delivery,Take-out,AcceptsCreditCards,AcceptsBitcoin,GoodFor,Parking,BikeParking,WheelchairAccessible,GoodforKids,GoodforGroups,Attire,Ambience,NoiseLevel,Alcohol,OutdoorSeating,Wi-Fi,HasTV,DogsAllowed,WaiterService,Caters,Drive-Thru
the-board-and-brew-college-park-4,The Board and Brew,['cafes'],38.991735,-76.934258,MD,"University of Maryland College Park, 20740",676.1818960177395,4.0,52,False,No,No,Yes,Yes,No,Lunch,Garage,Yes,,Yes,Yes,Casual,Casual,Loud,Beer & Wine Only,Yes,Free,No,No,Yes,No,
marathon-deli-college-park,Marathon Deli,"['delis', 'greek']",38.9817378669977,-76.9386170804501,MD,"University of Maryland College Park, 20740",499.11660003901824,4.5,168,False,No,No,Yes,Yes,,Lunch,"Street, Private Lot",Yes,Yes,Yes,Yes,Casual,Casual,Average,No,No,No,Yes,No,No,Yes,
blaze-fast-fired-pizza-college-park-2,Blaze Fast-Fire'd Pizza,"['pizza', 'gluten_free', 'salad']",38.981842,-76.937561,MD,"University of Maryland College Park, 20740",477.7482812538915,4.0,47,False,No,No,Yes,Yes,,"Lunch, Dinner",Private Lot,Yes,,Yes,Yes,Casual,Casual,Average,No,No,No,No,,No,No,
ovo-simply-veggie-college-park,OVO Simply Veggie,"['vegetarian', 'asianfusion', 'vegan']",38.979866,-76.937758,MD,"University of Maryland College Park, 20740",698.2725666152082,4.0,136,False,Yes,No,Yes,Yes,No,"Lunch, Dinner","Garage, Street",Yes,Yes,Yes,No,Casual,Casual,Quiet,No,No,No,No,Yes,Yes,Yes,
pho-d-lite-college-park,Pho D'Lite,['asianfusion'],38.991249,-76.932747,MD,"University of Maryland College Park, 20740",692.3759752816575,3.5,171,False,No,No,Yes,Yes,,Lunch,Private Lot,Yes,,Yes,Yes,Casual,Casual,Average,No,No,Free,No,,Yes,No,
maryland-food-collective-college-park-2,Maryland Food Collective,['sandwiches'],38.9871902,-76.948288,MD,"University of Maryland College Park, 20740",722.0233460054034,4.5,41,False,No,No,Yes,Yes,,Lunch,"Garage, Street",Yes,Yes,Yes,Yes,Casual,Hipster,Average,No,No,No,No,,No,Yes,
aroy-thai-restaurant-college-park,Aroy Thai Restaurant,['thai'],38.9817734,-76.9369507,MD,"University of Maryland College Park, 20740",488.65602629070656,4.0,103,False,No,Yes,Yes,Yes,,Dinner,Street,Yes,,Yes,No,Casual,Casual,Quiet,No,No,No,No,,Yes,Yes,
krazi-kebob-college-park,Krazi Kebob,"['indpak', 'mexican', 'pakistani']",38.98148,-76.938888,MD,"University of Maryland College Park, 20740",535.3751009684988,4.0,132,False,No,Yes,Yes,Yes,,Lunch,Private Lot,Yes,Yes,Yes,Yes,Casual,Casual,Average,No,No,Free,Yes,,No,Yes,
fishnet-college-park,Fishnet,"['seafood', 'sandwiches', 'fishnchips']",38.994855638068,-76.925949377134,MD,"University of Maryland College Park, 20740",1379.9608071461207,4.0,129,False,No,Yes,Yes,Yes,,Lunch,Street,Yes,Yes,Yes,Yes,Casual,Casual,Quiet,Beer & Wine Only,Yes,Free,No,No,No,No,
ten-rens-tea-time-college-park-2,Ten Ren's Tea Time,"['coffee', 'tea', 'taiwanese']",38.981613,-76.938075,MD,"University of Maryland College Park, 20740",507.2613176332732,3.5,181,False,No,No,Yes,Yes,,,Street,Yes,Yes,Yes,Yes,Casual,,,No,No,Free,Yes,,,,
pupuseria-la-familiar-college-park,Pupuseria La Familiar,['latin'],38.99091,-76.932793,MD,"University of Maryland College Park, 20740",660.6610144759075,4.0,43,False,No,No,Yes,Yes,,Lunch,Private Lot,,,Yes,Yes,Casual,Casual,Average,No,No,No,Yes,,Yes,Yes,
potbelly-sandwich-shop-college-park-2,Potbelly Sandwich Shop,"['sandwiches', 'hotdogs', 'delis']",38.9815759,-76.938157,MD,"University of Maryland College Park, 20740",512.3152231159119,4.0,37,False,No,Yes,Yes,Yes,,Lunch,Private Lot,Yes,Yes,Yes,Yes,Casual,Casual,Average,No,No,Free,No,,No,Yes,No
ledo-restaurant-college-park,Ledo Restaurant,"['pizza', 'italian']",38.980484,-76.937088,MD,"University of Maryland College Park, 20740",628.8734944776472,3.5,119,False,Yes,No,Yes,Yes,,"Lunch, Dinner",Street,Yes,Yes,Yes,Yes,Casual,Casual,Average,Full Bar,No,No,Yes,,Yes,Yes,
bobbys-burger-palace-college-park,Bobby's Burger Palace,['burgers'],38.991735,-76.934258,MD,"University of Maryland College Park, 20740",676.1818960177395,3.0,171,False,No,No,Yes,Yes,,Lunch,Garage,Yes,,Yes,Yes,Casual,Casual,Average,No,No,No,No,,No,No,No
pho-thom-college-park,Pho Thom,"['thai', 'vietnamese']",38.979897,-76.937607,MD,"University of Maryland College Park, 20740",700.2037649565356,3.5,90,False,No,No,Yes,Yes,,Lunch,Street,No,,Yes,Yes,Casual,Casual,Average,No,No,No,Yes,,Yes,No,
dp-dough-college-park,DP Dough,"['pizza', 'hotdogs']",38.990908,-76.932757,MD,"University of Maryland College Park, 20740",660.6610144759075,3.5,76,False,No,Yes,Yes,Yes,No,Late Night,Private Lot,Yes,Yes,Yes,Yes,Casual,Casual,Average,No,No,Free,No,No,No,Yes,No
looneys-pub-college-park,Looney's Pub,"['tradamerican', 'pubs']",38.991455,-76.934456,MD,"University of Maryland College Park, 20740",649.1218844938187,3.5,90,False,Yes,No,Yes,Yes,,Late Night,Garage,Yes,Yes,No,Yes,Casual,Casual,Loud,Full Bar,Yes,Free,Yes,,Yes,No,
food-factory-college-park-2,Food Factory,"['afghani', 'indpak', 'pakistani']",38.9914252,-76.9336447,MD,"University of Maryland College Park, 20740",668.0568907856189,3.5,62,False,Yes,No,Yes,Yes,,Lunch,Private Lot,Yes,Yes,Yes,Yes,Casual,Casual,Average,No,No,Free,Yes,No,No,Yes,
hanami-japanese-restaurant-college-park,Hanami Japanese Restaurant,['japanese'],38.990909,-76.932792,MD,"University of Maryland College Park, 20740",660.6610144759075,3.5,118,False,Yes,Yes,Yes,Yes,,Lunch,Private Lot,Yes,Yes,Yes,Yes,Casual,Casual,Average,Beer & Wine Only,No,Free,No,No,Yes,Yes,
kangnam-bbq-sports-bar-and-grill-college-park,Kangnam Bbq Sports Bar & Grill,"['korean', 'bbq', 'sportsbars']",38.994812,-76.931832,MD,"University of Maryland College Park, 20740",1074.6700672514648,3.0,47,False,Yes,No,Yes,Yes,,"Dinner, Late Night",Private Lot,Yes,,Yes,Yes,Casual,Hipster,Loud,Full Bar,No,Free,Yes,,Yes,Yes,
noodles-and-company-college-park-2,Noodles & Company,"['italian', 'asianfusion', 'comfortfood']",38.9798393,-76.9381256,MD,"University of Maryland College Park, 20740",694.8963519574793,3.5,46,False,No,No,Yes,Yes,,Lunch,Private Lot,Yes,No,Yes,Yes,Casual,Casual,Average,Beer & Wine Only,No,Free,No,,No,No,
platos-diner-college-park,Plato's Diner,"['diners', 'greek', 'tradamerican']",38.9778741449118,-76.9380477815866,MD,"University of Maryland College Park, 20740",942.2862417319434,3.0,145,False,No,No,Yes,Yes,,Breakfast,Private Lot,Yes,Yes,Yes,Yes,Casual,Casual,Average,Beer & Wine Only,No,No,No,,Yes,No,
el-catrachito-silver-spring,El Catrachito,['spanish'],39.0413704,-77.0507965,MD,"University of Maryland College Park, 20740",670.7948004838227,4.5,7,False,No,Yes,Yes,Yes,,,,Yes,,Yes,Yes,Casual,,Average,No,No,No,Yes,,Yes,,
jasons-deli-college-park,Jason's Deli,['delis'],38.9803639054298,-76.9380437582731,MD,"University of Maryland College Park, 20740",597.830227342832,3.5,63,False,No,Yes,Yes,Yes,,Lunch,Private Lot,Yes,Yes,Yes,Yes,Casual,Casual,Average,No,No,Free,Yes,,No,Yes,
shanghai-tokyo-cafe-college-park,Shanghai Tokyo Cafe,"['sushi', 'chinese', 'thai']",38.992541,-76.933663,MD,"University of Maryland College Park, 20740",778.8646495416007,3.0,58,False,No,No,Yes,Yes,,Lunch,Private Lot,Yes,Yes,Yes,Yes,Casual,Casual,Average,Beer & Wine Only,Yes,Free,Yes,,No,Yes,
sweetgreen-college-park,Sweetgreen,"['vegetarian', 'icecream', 'newamerican']",38.992542,-76.933662,MD,"University of Maryland College Park, 20740",778.8646495416007,3.5,39,False,No,No,Yes,Yes,,Lunch,Private Lot,Yes,,Yes,Yes,Casual,Casual,Average,No,No,No,No,,No,No,
wasabi-bistro-college-park,Wasabi Bistro,"['sushi', 'japanese']",38.9818764,-76.9373779,MD,"University of Maryland College Park, 20740",479.10990045359716,3.5,63,False,No,Yes,Yes,Yes,,Lunch,Street,No,Yes,Yes,Yes,Casual,Casual,Quiet,No,No,No,Yes,,No,No,
slices-pizza-co-college-park,Slices Pizza Co.,"['salad', 'pizza', 'italian']",38.979897,-76.937607,MD,"University of Maryland College Park, 20740",692.9005287277475,3.5,38,False,No,Yes,Yes,Yes,,Dinner,,Yes,,Yes,Yes,Casual,Casual,Loud,No,No,Free,Yes,,No,Yes,
bagel-place-of-college-park-college-park,Bagel Place of College Park,"['bagels', 'delis', 'coffee']",38.9816246,-76.9376984,MD,"University of Maryland College Park, 20740",472.8900683440285,4.0,134,False,No,No,Yes,Yes,,Breakfast,"Street, Private Lot",Yes,Yes,Yes,Yes,Casual,Casual,Average,No,Yes,Free,Yes,,No,Yes,
shanghai-cafe-chinese-restaurant-college-park,Shanghai Cafe Chinese Restaurant,['chinese'],38.9811821,-76.9376984,MD,"University of Maryland College Park, 20740",555.8249858673631,3.0,41,False,No,Yes,Yes,Yes,,"Lunch, Dinner, Late Night",Street,Yes,Yes,Yes,Yes,Casual,"Divey, Casual",Quiet,No,No,No,No,,No,No,
ivy-noodles-college-park,Ivy Noodles,"['chinese', 'asianfusion']",38.979897,-76.937607,MD,"University of Maryland College Park, 20740",692.9005287277475,3.0,54,False,Yes,Yes,Yes,Yes,,Lunch,Street,Yes,No,No,No,Casual,Casual,Average,No,No,Free,Yes,,Yes,Yes,
chipotle-mexican-grill-college-park,Chipotle Mexican Grill,"['mexican', 'hotdogs']",38.9800695329905,-76.9380444288254,MD,"University of Maryland College Park, 20740",659.5157539444132,3.0,38,False,No,No,Yes,Yes,,Lunch,Private Lot,Yes,Yes,Yes,Yes,Casual,Casual,Loud,Beer & Wine Only,No,No,No,,No,Yes,No
clucksters-college-park,Cluckster's,"['chicken_wings', 'sandwiches']",38.9815235379021,-76.9374942407012,MD,"University of Maryland College Park, 20740",513.1377249762518,3.0,27,False,No,Yes,Yes,Yes,,"Lunch, Late Night",Private Lot,Yes,,Yes,Yes,Casual,Casual,Average,No,No,No,Yes,,No,Yes,
jimmy-johns-college-park,Jimmy John's,['sandwiches'],38.981232,-76.93824,MD,"University of Maryland College Park, 20740",542.096567743216,3.5,27,False,No,Yes,Yes,Yes,,Lunch,Street,Yes,Yes,Yes,Yes,Casual,Casual,Average,No,No,No,No,,No,Yes,
the-common-hyattsville,The Common,"['newamerican', 'pubs']",38.9871401,-76.9542656,MD,"University of Maryland College Park, 20740",1469.6409053674768,3.5,16,False,Yes,No,Yes,Yes,,,,No,,No,Yes,Casual,,Quiet,Full Bar,Yes,,Yes,,Yes,,
terrapins-turf-college-park,Terrapins Turf,"['bars', 'tradamerican']",38.981014,-76.938316,MD,"University of Maryland College Park, 20740",582.922587700939,3.0,14,False,,,Yes,Yes,,,Street,No,,No,Yes,Casual,Casual,Loud,Full Bar,Yes,No,Yes,No,Yes,,
college-park-diner-college-park,College Park Diner,['diners'],39.00635,-76.93024,MD,"University of Maryland College Park, 20740",2329.2697134205932,4.0,98,False,No,No,Yes,Yes,,Breakfast,Private Lot,Yes,Yes,Yes,No,Casual,Casual,Average,No,No,No,No,,Yes,No,
cornerstone-grill-and-loft-college-park,Cornerstone Grill & Loft,"['sportsbars', 'tradamerican']",38.9786953972945,-76.9377451613769,MD,"University of Maryland College Park, 20740",828.2186308807416,3.0,56,False,No,No,Yes,Yes,,Late Night,Street,Yes,Yes,No,Yes,Casual,Casual,Loud,Full Bar,Yes,No,Yes,,Yes,No,
sakura-seafood-and-supreme-buffet-college-park,Sakura Seafood and Supreme Buffet,"['buffets', 'seafood']",39.000854,-76.930198,MD,"University of Maryland College Park, 20740",1737.2762891596556,3.0,96,False,No,No,Yes,Yes,,Lunch,Private Lot,No,,Yes,Yes,Casual,Casual,Loud,No,No,No,No,,Yes,No,
the-jerk-pit-college-park,The Jerk Pit,"['caribbean', 'musicvenues']",39.002736,-76.931274,MD,"University of Maryland College Park, 20740",1918.1439550990428,3.5,109,False,Yes,Yes,Yes,Yes,,"Lunch, Dinner",Private Lot,Yes,Yes,Yes,Yes,Casual,Casual,Average,Full Bar,Yes,Free,Yes,,No,Yes,
nuvegan-café-college-park,NuVegan Café,"['vegan', 'juicebars', 'soulfood']",38.991455,-76.934456,MD,"University of Maryland College Park, 20740",649.1218844938187,3.5,21,False,No,No,Yes,Yes,,Lunch,,Yes,,Yes,Yes,Casual,,Average,No,No,,Yes,,No,Yes,
pizza-kingdom-college-park,Pizza Kingdom,['pizza'],38.9820668,-76.938127,MD,"University of Maryland College Park, 20740",457.94807029943024,3.0,19,False,No,Yes,Yes,Yes,,,,Yes,,Yes,Yes,Casual,,Average,No,No,No,Yes,,Yes,Yes,
bonchon-hyattsville-7,Bonchon,"['korean', 'chicken_wings']",38.9683972299099,-76.9520790874958,MD,"University of Maryland College Park, 20740",2307.7926630834027,3.5,42,False,No,No,Yes,Yes,,Lunch,Garage,Yes,,Yes,Yes,Casual,Casual,Average,Full Bar,No,No,Yes,,Yes,Yes,
carolina-kitchen-bar-and-grill-hyattsville,Carolina Kitchen Bar & Grill,"['soulfood', 'bars', 'cajun']",38.9684146758234,-76.9519687773524,MD,"University of Maryland College Park, 20740",2342.733875911984,3.5,209,False,Yes,No,Yes,Yes,,Dinner,Garage,Yes,Yes,Yes,Yes,Casual,Casual,Average,Full Bar,Yes,No,Yes,,Yes,Yes,
moby-dick-house-of-kabob-college-park,Moby Dick House of Kabob,['mideastern'],39.0010986328125,-76.9257736206055,MD,"University of Maryland College Park, 20740",1637.5328730261087,4.0,13,False,No,No,Yes,Yes,,Lunch,,,,,Yes,Casual,,Loud,No,No,,No,,No,,
siris-chef-secret-greenbelt,Siri's Chef Secret,['thai'],38.99851771282,-76.914062356062,MD,"University of Maryland College Park, 20740",2435.6911461209133,3.5,115,False,Yes,No,Yes,Yes,,Dinner,Private Lot,No,Yes,Yes,Yes,Casual,Casual,Quiet,Full Bar,No,No,No,,Yes,Yes,
applebees-college-park,Applebee's,"['tradamerican', 'sportsbars', 'burgers']",38.9790192,-76.9388504,MD,"University of Maryland College Park, 20740",791.8875367744497,2.0,70,False,Yes,No,Yes,Yes,,"Lunch, Dinner",Private Lot,Yes,Yes,Yes,Yes,Casual,Casual,Average,Full Bar,No,No,Yes,,Yes,,No
five-guys-burgers-and-fries-college-park,Five Guys Burgers and Fries,"['burgers', 'hotdogs']",38.981584,-76.937585,MD,"University of Maryland College Park, 20740",506.7237670193423,3.5,21,False,No,No,Yes,Yes,,Lunch,Private Lot,Yes,Yes,Yes,Yes,Casual,Casual,Very Loud,No,No,No,No,,No,,No
pizza-autentica-college-park,Pizza Autentica,"['pizza', 'italian', 'icecream']",38.992542,-76.933662,MD,"University of Maryland College Park, 20740",778.8646495416007,3.5,26,False,No,No,Yes,Yes,,,,Yes,,Yes,Yes,Casual,Casual,Average,,No,Free,No,,No,Yes,
shagga-coffee-and-restaurant-hyattsville,Shagga Coffee & Restaurant,"['ethiopian', 'coffee']",38.961327,-76.9398269,MD,"University of Maryland College Park, 20740",2767.205594931495,4.5,138,False,Yes,No,Yes,Yes,,"Lunch, Dinner",Private Lot,Yes,Yes,Yes,Yes,Casual,Casual,Quiet,Full Bar,No,Free,No,,Yes,Yes,
dennys-college-park,Denny's,"['diners', 'breakfast_brunch']",38.9939423,-76.9327469,MD,"University of Maryland College Park, 20740",956.6361287630702,2.0,32,False,No,No,Yes,Yes,,Brunch,Private Lot,No,,Yes,Yes,Casual,,Average,No,No,No,No,,Yes,No,
r-j-bentleys-restaurant-college-park,R J Bentley's Restaurant,['newamerican'],38.980446,-76.937561,MD,"University of Maryland College Park, 20740",633.1958996505674,2.0,37,False,No,No,Yes,Yes,,"Lunch, Dinner",Street,No,Yes,No,Yes,Casual,,Very Loud,Full Bar,Yes,No,Yes,,Yes,No,
s-and-j-restaurant-riverdale,S & J Restaurant,"['newamerican', 'karaoke']",38.96254,-76.93576,MD,"University of Maryland College Park, 20740",2623.362992009818,4.5,10,False,No,No,Yes,Yes,,,Street,Yes,Yes,No,Yes,Casual,Divey,Average,Full Bar,Yes,Free,Yes,,Yes,Yes,
prince-café-college-park-2,Prince Café,"['hookah_bars', 'mediterranean']",38.99091,-76.932793,MD,"University of Maryland College Park, 20740",660.6610144759075,2.0,26,False,No,No,No,Yes,,Late Night,,,No,No,Yes,Casual,,Loud,No,No,No,Yes,,Yes,,
pizza-mart-college-park,Pizza Mart,['pizza'],38.981342241168,-76.9380377233028,MD,"University of Maryland College Park, 20740",548.4579674474203,3.5,3,False,No,Yes,Yes,Yes,,,,Yes,,Yes,Yes,Casual,,Quiet,No,,Free,No,,,,
dumms-pizza-and-subs-riverdale,Dumm's Pizza & Subs,"['pizza', 'sandwiches']",38.961893543601,-76.9349129498005,MD,"University of Maryland College Park, 20740",2688.3035464391246,4.0,31,False,No,Yes,Yes,Yes,,"Lunch, Dinner",Street,Yes,,Yes,No,Casual,Divey,Average,Beer & Wine Only,No,No,Yes,,No,Yes,
5-bread-2-fish-hyattsville,5 Bread 2 Fish,['hotdogs'],38.970432,-76.94973,MD,"University of Maryland College Park, 20740",2049.981932319015,4.5,4,False,No,No,Yes,Yes,,,,Yes,,Yes,Yes,Casual,,Loud,No,Yes,No,No,,No,,No
taco-bell-college-park,Taco Bell,"['mexican', 'tex-mex', 'hotdogs']",38.9943287847497,-76.9328929111362,MD,"University of Maryland College Park, 20740",987.7764820113869,4.0,6,False,No,No,Yes,Yes,,,,,,Yes,Yes,Casual,,Quiet,No,No,,No,,,,Yes
silver-diner-greenbelt,Silver Diner,"['newamerican', 'breakfast_brunch', 'vegetarian']",38.998132219244994,-76.910022150876,MD,"University of Maryland College Park, 20740",2709.5189240659024,3.5,122,False,No,No,Yes,Yes,,"Breakfast, Brunch",Private Lot,No,Yes,Yes,Yes,Casual,Casual,Average,Beer & Wine Only,No,Free,No,No,Yes,Yes,
azteca-restaurant-cantina-college-park,Azteca Restaurant-Cantina,"['mexican', 'catering']",39.009167,-76.928711,MD,"University of Maryland College Park, 20740",2666.4258139499093,3.5,125,False,Yes,No,Yes,Yes,,Lunch,Private Lot,Yes,,Yes,Yes,Casual,Casual,Average,Full Bar,No,No,Yes,,Yes,Yes,
el-taco-rico-greenbelt,El Taco Rico,['mexican'],38.999046,-76.911148,MD,"University of Maryland College Park, 20740",2675.907753847425,4.0,17,False,No,No,Yes,Yes,,Lunch,Private Lot,No,Yes,Yes,Yes,Casual,,Average,No,No,No,No,,Yes,No,
la-chiquita-restaurant-hyattsville-3,La Chiquita Restaurant,['latin'],38.965915,-76.953109,MD,"University of Maryland College Park, 20740",2632.3662253396224,4.0,11,False,Yes,No,Yes,Yes,No,Lunch,Private Lot,Yes,Yes,Yes,Yes,Casual,,Average,No,No,No,Yes,No,Yes,Yes,
kiyoko-express-college-park,Kiyoko Express,"['japanese', 'chinese']",38.979971983001,-76.937709896177,MD,"University of Maryland College Park, 20740",686.2847509241986,3.5,40,False,No,Yes,Yes,Yes,,"Lunch, Dinner",Garage,No,Yes,Yes,No,Casual,Casual,Average,No,No,Free,Yes,,No,Yes,
king-kong-restaurant-hyattsville,King Kong Restaurant,['chinese'],38.9845848,-76.9688187,MD,"University of Maryland College Park, 20740",2754.6956544451996,4.5,7,False,No,Yes,Yes,Yes,,,,Yes,,No,Yes,Casual,,Average,Full Bar,Yes,,Yes,,Yes,,
pollo-fiesta-riverdale,Pollo Fiesta,['mexican'],38.9655991,-76.9191895,MD,"University of Maryland College Park, 20740",2779.115944468882,3.5,22,False,No,No,Yes,Yes,,Lunch,Private Lot,,Yes,Yes,Yes,Casual,,Average,No,No,,Yes,,Yes,,
chipotle-mexican-grill-greenbelt,Chipotle Mexican Grill,"['mexican', 'hotdogs']",38.99857683079,-76.91219219939,MD,"University of Maryland College Park, 20740",2574.1699599935996,4.0,31,False,No,No,Yes,Yes,,Lunch,Private Lot,Yes,Yes,Yes,Yes,Casual,Casual,Loud,Beer & Wine Only,Yes,No,No,,No,Yes,No
rasoi-restaurant-college-park,Rasoi Restaurant,"['indpak', 'buffets', 'catering']",38.996124,-76.930915,MD,"University of Maryland College Park, 20740",1220.1740505623088,4.5,5,False,Yes,No,Yes,Yes,,,,,,Yes,Yes,Casual,,,,,,Yes,,,,
old-dominion-brewhouse-hyattsville,Old Dominion Brewhouse,"['tradamerican', 'breweries']",38.9687524552443,-76.9529784657903,MD,"University of Maryland College Park, 20740",2360.2061631798306,3.0,40,False,Yes,No,Yes,Yes,,Late Night,Garage,Yes,Yes,Yes,Yes,Casual,Hipster,Loud,Full Bar,No,Free,Yes,,Yes,No,
pizza-bolis-college-park,Pizza Boli's,"['pizza', 'italian', 'sandwiches']",38.991249,-76.932746,MD,"University of Maryland College Park, 20740",705.0844887940988,1.5,21,False,No,Yes,Yes,Yes,,"Dinner, Late Night",Private Lot,Yes,Yes,Yes,No,Casual,,Average,No,No,No,Yes,,No,Yes,
china-buffet-college-park,China Buffet,"['chinese', 'buffets']",39.003407,-76.931084,MD,"University of Maryland College Park, 20740",1994.2225018793831,2.5,19,False,No,No,Yes,Yes,,Lunch,Private Lot,Yes,Yes,Yes,Yes,Casual,,Average,No,No,No,No,,Yes,No,
outback-steakhouse-hyattsville-2,Outback Steakhouse,['steak'],38.9670792,-76.9592438,MD,"University of Maryland College Park, 20740",2677.470881810476,3.0,46,False,Yes,No,Yes,Yes,,Dinner,Private Lot,No,,Yes,Yes,Casual,Casual,Average,Full Bar,No,No,Yes,,Yes,Yes,
qdoba-mexican-grill-hyattsville,Qdoba Mexican Grill,"['mexican', 'hotdogs']",38.9676895,-76.9523773,MD,"University of Maryland College Park, 20740",2429.55883610568,3.5,27,False,No,No,Yes,Yes,,Lunch,Garage,Yes,Yes,Yes,Yes,Casual,Casual,Average,No,Yes,Free,Yes,,No,Yes,No
unforgettable-flavors-college-park,Unforgettable Flavors,['caribbean'],39.017098,-76.939749,MD,"University of Maryland College Park, 20740",3449.245496914224,4.5,101,False,Yes,Yes,Yes,Yes,,Lunch,Private Lot,Yes,,Yes,Yes,Casual,Casual,Average,No,No,Free,Yes,No,Yes,Yes,
adeles-college-park,Adele's,['tradamerican'],38.9875262939389,-76.9447982311249,MD,"University of Maryland College Park, 20740",665.3255675272787,2.5,16,False,No,No,Yes,Yes,,Lunch,,Yes,Yes,No,Yes,Casual,,Average,No,No,,No,,Yes,No,
pupuseria-el-comalito-riverdale-park,Pupuseria El Comalito,['salvadoran'],38.9618568,-76.9396362,MD,"University of Maryland College Park, 20740",2717.2115334189384,3.5,19,False,Yes,No,Yes,Yes,,"Lunch, Dinner",Private Lot,,,Yes,Yes,Casual,Casual,Average,No,Yes,,Yes,,Yes,Yes,
busboys-and-poets-hyattsville,Busboys and Poets,"['vegan', 'breakfast_brunch', 'coffee']",38.9551129003,-76.940037436918,MD,"University of Maryland College Park, 20740",3457.6648407126004,4.0,344,False,No,No,Yes,Yes,,Brunch,Street,Yes,,Yes,Yes,Casual,,Average,Full Bar,Yes,Free,Yes,,Yes,Yes,
dominos-pizza-college-park-2,Domino's Pizza,"['pizza', 'chicken_wings', 'sandwiches']",38.9798012,-76.9381256,MD,"University of Maryland College Park, 20740",701.3780299928444,1.5,13,False,No,Yes,Yes,Yes,,,,No,Yes,Yes,No,Formal (Jacket Required),,Quiet,No,No,No,No,,No,No,
adele-h-stamp-student-union-college-park,Adele H. Stamp Student Union,"['collegeuniv', 'venues', 'hotdogs']",38.9881553902065,-76.9447402283549,MD,"University of Maryland College Park, 20740",680.228942239225,3.0,1,False,No,No,No,Yes,,,Garage,Yes,Yes,Yes,Yes,Casual,,,,Yes,Paid,Yes,,,Yes,No
saladworks-college-park,Saladworks,"['sandwiches', 'salad', 'soup']",38.9899826049805,-76.9421005249023,MD,"University of Maryland College Park, 20740",891.5543316303748,4.0,10,False,No,No,Yes,Yes,,Lunch,,,Yes,Yes,Yes,Casual,,,No,No,No,No,,No,,
five-guys-burgers-and-fries-hyattsville,Five Guys Burgers and Fries,"['hotdogs', 'burgers']",38.9676713,-76.9518583,MD,"University of Maryland College Park, 20740",2407.6770885015258,3.5,24,False,No,No,Yes,Yes,,Lunch,Private Lot,Yes,,Yes,Yes,Casual,Casual,Average,No,Yes,No,No,,No,No,No
caseys-coffee-college-park,Casey's Coffee,"['cafes', 'salad', 'sandwiches']",38.9848950396668,-76.9478818804433,MD,"University of Maryland College Park, 20740",924.0206840739218,1.5,2,False,,,Yes,Yes,,,,,,Yes,Yes,,,,,,,,,,,
el-amate-hyattsville,El Amate,['latin'],38.9847028,-76.9674221,MD,"University of Maryland College Park, 20740",2607.444132212673,3.0,5,False,Yes,No,Yes,Yes,,,Private Lot,Yes,,No,Yes,Casual,,Very Loud,Full Bar,No,,Yes,,Yes,,
olive-garden-italian-restaurant-hyattsville-2,Olive Garden Italian Restaurant,['italian'],38.9671898,-76.9616165,MD,"University of Maryland College Park, 20740",2794.1015038030073,3.0,61,False,No,No,Yes,Yes,,"Lunch, Dinner",Private Lot,Yes,Yes,Yes,Yes,Casual,Casual,Average,Full Bar,No,No,Yes,,Yes,Yes,
mulligans-grill-and-pub-college-park,Mulligan's Grill and Pub,['tradamerican'],38.995707,-76.955137,MD,"University of Maryland College Park, 20740",1872.4579158274548,3.0,5,False,Yes,,Yes,Yes,,,,,,,Yes,Casual,,Average,Full Bar,Yes,Free,,,Yes,,
jersey-mikes-subs-greenbelt-2,Jersey Mike's Subs,"['sandwiches', 'hotdogs', 'delis']",38.9989197837659,-76.9102668017149,MD,"University of Maryland College Park, 20740",2735.5886074581754,3.5,16,False,No,No,Yes,Yes,,Lunch,,Yes,,Yes,Yes,Casual,Casual,Average,No,No,No,Yes,,No,Yes,No
joes-crab-shack-greenbelt,Joe's Crab Shack,"['seafood', 'tradamerican']",38.9981232,-76.9116364,MD,"University of Maryland College Park, 20740",2882.057777903338,2.5,86,False,No,No,Yes,Yes,,Dinner,Private Lot,No,,Yes,Yes,Casual,Casual,Loud,Full Bar,Yes,No,Yes,,Yes,Yes,
cafe-azul-hyattsville,Cafe Azul,"['cuban', 'venezuelan']",38.9571072323974,-76.9403169910369,MD,"University of Maryland College Park, 20740",3238.305742910499,4.0,25,False,No,No,Yes,Yes,,Lunch,Street,Yes,,Yes,No,Casual,Casual,Quiet,No,Yes,No,No,,No,Yes,
franklins-restaurant-brewery-and-general-store-hyattsville,"Franklin's Restaurant, Brewery & General Store","['breweries', 'tradamerican']",38.952638,-76.940448,MD,"University of Maryland College Park, 20740",3734.6779913555265,4.0,333,False,Yes,No,Yes,Yes,No,Dinner,Private Lot,Yes,Yes,Yes,Yes,Casual,Casual,Average,Full Bar,No,No,Yes,No,Yes,Yes,
elevation-burger-hyattsville,Elevation Burger,"['burgers', 'newamerican', 'vegetarian']",38.955521,-76.939728,MD,"University of Maryland College Park, 20740",3410.714842074328,3.5,99,False,No,No,Yes,Yes,,Lunch,Street,Yes,,Yes,Yes,Casual,Casual,Average,No,Yes,No,No,,No,No,No
hard-times-cafe-college-park,Hard Times Cafe,"['tradamerican', 'sportsbars']",39.0162706375122,-76.9308353215456,MD,"University of Maryland College Park, 20740",3383.9477706944817,3.5,103,False,No,Yes,Yes,Yes,,"Lunch, Dinner",Private Lot,Yes,Yes,Yes,Yes,Casual,Casual,Average,Full Bar,Yes,No,Yes,,Yes,Yes,
tokyo-sushi-hyattsville,Tokyo Sushi,['buffets'],38.9683811366558,-76.952195763588,MD,"University of Maryland College Park, 20740",2351.342446849922,2.0,13,False,No,No,Yes,Yes,,Lunch,Garage,,,Yes,Yes,Casual,,Loud,No,No,No,Yes,,Yes,,
panda-express-college-park-2,Panda Express,['hotdogs'],39.0010986328125,-76.9257736206055,MD,"University of Maryland College Park, 20740",648.7768517349044,3.5,9,False,No,No,Yes,Yes,,Lunch,,No,,Yes,Yes,Casual,,Very Loud,No,No,,No,,No,No,No
spice-6-modern-indian-hyattsville,Spice 6 Modern Indian,['indpak'],38.9554548719375,-76.9393648336838,MD,"University of Maryland College Park, 20740",3416.2136948483485,4.0,210,False,No,No,Yes,Yes,,Lunch,Street,Yes,,Yes,Yes,Casual,Casual,Average,Beer & Wine Only,Yes,Free,No,,No,No,
kingston-arbor-hyattsville,Kingston Arbor,"['newamerican', 'caribbean']",38.9682848191111,-76.955988407135,MD,"University of Maryland College Park, 20740",2558.6650371550204,3.5,5,False,No,No,Yes,Yes,,,,Yes,,Yes,Yes,Casual,,Quiet,,No,,Yes,,No,,
irenes-pupusas-hyattsville,Irene's Pupusas,"['tradamerican', 'latin']",38.9840775,-76.9740524,MD,"University of Maryland College Park, 20740",3174.3674037646856,3.5,16,False,No,No,Yes,Yes,,Lunch,Private Lot,,,Yes,Yes,Casual,Casual,Average,No,No,,Yes,,Yes,,
three-brothers-caterers-greenbelt,Three Brothers Caterers,['pizza'],38.9973463118076,-76.907626837492,MD,"University of Maryland College Park, 20740",2823.27508353048,3.5,26,False,No,No,Yes,Yes,,"Lunch, Dinner",Garage,Yes,Yes,Yes,Yes,Casual,Divey,Average,Full Bar,No,No,Yes,,No,Yes,
taqueria-tres-reyes-riverdale,Taqueria Tres Reyes,['mexican'],38.955536,-76.922386,MD,"University of Maryland College Park, 20740",3638.9297260856683,3.5,53,False,No,No,Yes,Yes,,"Lunch, Dinner",Private Lot,No,Yes,Yes,Yes,Casual,Casual,Average,No,No,No,No,,No,No,
las-cazuelas-polla-a-la-brasa-y-taqueria-riverdale,Las Cazuelas Polla a la Brasa Y Taqueria,['mexican'],38.9632554352283,-76.9192374497652,MD,"University of Maryland College Park, 20740",2979.354389350696,4.0,5,False,,No,Yes,Yes,,,,,,Yes,Yes,Casual,,Average,,No,No,Yes,,No,,
nellys-cafe-college-park,Nellys Cafe,['mexican'],39.0164959430695,-76.9204907119274,MD,"University of Maryland College Park, 20740",3659.2724858867223,4.5,10,False,No,No,Yes,Yes,,Lunch,Private Lot,No,,Yes,Yes,Casual,Divey,Quiet,No,No,No,Yes,,No,,
smoothie-king-college-park,Smoothie King,['newamerican'],38.98013,-76.94084,MD,"University of Maryland College Park, 20740",734.2062719358717,4.0,7,False,No,No,Yes,Yes,,,,,,Yes,Yes,Casual,,,,No,Free,No,,,,
sir-walter-raleigh-inn-college-park,Sir Walter Raleigh Inn,"['seafood', 'steak', 'tradamerican']",38.9964551478624,-76.9040521234274,MD,"University of Maryland College Park, 20740",3137.3676545653852,3.0,55,False,Yes,No,Yes,Yes,,Dinner,Private Lot,No,Yes,Yes,Yes,Casual,Classy,Quiet,Full Bar,No,Free,Yes,,Yes,Yes,
los-amigos-college-park,Los Amigos,['mexican'],38.997822,-76.924614,MD,"University of Maryland College Park, 20740",1699.358555835347,3.0,1,False,,,,,,,,,,,,,,,,,,,,,,
pollo-oro-hyattsville,Pollo Oro,['hotdogs'],38.9833755493164,-76.9766159057617,MD,"University of Maryland College Park, 20740",3373.3689205985283,4.0,9,False,No,Yes,Yes,Yes,,,,,,Yes,Yes,Casual,,,No,No,,Yes,,No,,Yes
subway-college-park-2,Subway,"['sandwiches', 'hotdogs']",38.9846427,-76.9507615,MD,"University of Maryland College Park, 20740",1174.3520790745895,5.0,2,False,No,No,Yes,Yes,,,,Yes,,Yes,Yes,Casual,,Quiet,,,,,,,,
popeyes-greenbelt,Popeyes,['hotdogs'],38.9980965,-76.911438,MD,"University of Maryland College Park, 20740",2566.6103215466883,1.5,11,False,No,No,Yes,Yes,,,,,Yes,Yes,Yes,Casual,,Average,No,No,No,No,,No,,Yes
jimmy-johns-hyattsville,Jimmy John's,['sandwiches'],38.9563052641607,-76.9399304750458,MD,"University of Maryland College Park, 20740",3324.7579724450243,3.5,8,False,No,Yes,Yes,Yes,,Lunch,,Yes,,Yes,Yes,Casual,,Quiet,,Yes,,No,,No,Yes,
chez-dior-hyattsville,Chez Dior,['senegalese'],38.9518814,-76.9408264,MD,"University of Maryland College Park, 20740",3822.8952566203516,4.5,11,False,Yes,No,Yes,Yes,,,,Yes,,Yes,Yes,Casual,Casual,Average,No,No,Free,Yes,,Yes,Yes,
sabor-latino-restaurant-hyattsville,Sabor Latino Restaurant,"['theater', 'latin', 'mexican']",38.9843697845936,-76.9701357185841,MD,"University of Maryland College Park, 20740",2833.2020358968775,4.0,4,False,Yes,,Yes,Yes,,,,,Yes,Yes,Yes,Casual,,Loud,Beer & Wine Only,No,,Yes,,Yes,,
taqueria-el-mexicano-hyattsville,Taqueria El Mexicano,['mexican'],38.9845581054688,-76.9780960083008,MD,"University of Maryland College Park, 20740",3526.573881942315,4.0,12,False,No,No,Yes,Yes,,Lunch,Private Lot,,,Yes,Yes,Casual,Casual,Average,No,No,,Yes,,Yes,No,
burger-king-college-park,Burger King,"['hotdogs', 'burgers']",38.9952507019043,-76.9325790405273,MD,"University of Maryland College Park, 20740",1087.1508721460107,2.0,9,False,No,Yes,Yes,Yes,,,,,,Yes,Yes,Casual,,,No,No,,Yes,,No,,Yes
pizza-hut-college-park,Pizza Hut,"['pizza', 'italian', 'chicken_wings']",39.0002518,-76.9310989,MD,"University of Maryland College Park, 20740",1620.7568770669488,2.0,12,False,No,Yes,Yes,Yes,,,,,Yes,Yes,Yes,Casual,,Quiet,No,No,No,No,,No,,
eddies-cafe-college-park,Eddie's Cafe,"['cafes', 'cheesesteaks']",39.0140047,-76.9213283,MD,"University of Maryland College Park, 20740",3392.7009993427077,3.5,17,False,Yes,Yes,Yes,Yes,,Lunch,Private Lot,No,,Yes,No,Casual,Divey,Quiet,No,No,No,No,,No,,
dominos-pizza-berwyn-heights-2,Domino's Pizza,['pizza'],38.996773996656,-76.9077560253716,MD,"University of Maryland College Park, 20740",2814.899424637775,3.5,3,False,No,Yes,Yes,Yes,,,,Yes,,Yes,Yes,Casual,,,,,,Yes,,,,
tara-thai-hyattsville,Tara Thai,['thai'],38.955521,-76.939728,MD,"University of Maryland College Park, 20740",3410.714842074328,2.5,70,False,Yes,Yes,Yes,Yes,,Dinner,Street,Yes,,Yes,Yes,Casual,Trendy,Average,Full Bar,Yes,No,Yes,,Yes,No,
mamma-lucia-pizza-and-pasta-college-park,Mamma Lucia Pizza & Pasta,"['pizza', 'italian']",39.0162853896618,-76.9308755546808,MD,"University of Maryland College Park, 20740",3381.455268446454,3.5,88,False,Yes,Yes,Yes,Yes,,"Lunch, Dinner",Private Lot,No,Yes,Yes,Yes,Casual,Casual,Average,Beer & Wine Only,No,No,Yes,,Yes,Yes,
chipotle-mexican-grill-hyattsville,Chipotle Mexican Grill,"['mexican', 'hotdogs']",38.955767951565,-76.939988868836,MD,"University of Maryland College Park, 20740",3384.7096901546515,3.0,18,False,No,No,Yes,Yes,,Lunch,Street,Yes,,Yes,Yes,Casual,Casual,Average,No,Yes,No,No,,No,Yes,No
a-and-d-buffalos-hyattsville,A&D Buffalos,['chicken_wings'],38.9678739,-76.9575283,MD,"University of Maryland College Park, 20740",2679.1433624876854,3.5,5,False,No,No,Yes,Yes,,,,Yes,,Yes,Yes,Casual,,Loud,No,No,,No,,No,,
chicken-rico-hyattsville,Chicken Rico,['latin'],38.9852828979492,-76.9829635620117,MD,"University of Maryland College Park, 20740",3945.548905429542,4.0,28,False,No,No,Yes,Yes,,"Lunch, Dinner",Private Lot,No,Yes,Yes,Yes,Casual,,Loud,No,No,No,Yes,,No,Yes,
alamo-mexican-restaurant-riverdale,Alamo Mexican Restaurant,"['mexican', 'tex-mex']",38.957458,-76.921989,MD,"University of Maryland College Park, 20740",3451.929178423156,3.5,42,False,No,No,Yes,Yes,,Dinner,Private Lot,No,Yes,Yes,Yes,Casual,Divey,Average,Full Bar,Yes,No,No,,Yes,No,
pho-75-hyattsville,Pho 75,['vietnamese'],38.985298499465,-76.9815009087324,MD,"University of Maryland College Park, 20740",3833.6449127276683,3.5,53,False,No,No,Yes,No,,Lunch,Private Lot,Yes,Yes,Yes,Yes,Casual,Divey,Average,No,No,No,No,,Yes,No,
chips-and-deli-riverdale-park,Chips and Deli,['delis'],38.96106,-76.939293,MD,"University of Maryland College Park, 20740",2795.1528996102993,4.0,1,False,,,,Yes,,,,,,,,,,,,,,,,No,,
taqueria-la-placita-hyattsville,Taqueria La Placita,['mexican'],38.9504509,-76.9261703,MD,"University of Maryland College Park, 20740",4097.486232678907,4.0,76,False,No,No,Yes,Yes,,Lunch,Private Lot,Yes,,Yes,Yes,Casual,,Loud,Beer & Wine Only,Yes,No,Yes,,No,No,
jodeem-african-cuisine-greenbelt,Jodeem African Cuisine,['african'],38.9984398,-76.9107208,MD,"University of Maryland College Park, 20740",2988.605569031334,4.5,2,False,No,No,Yes,Yes,,,,,,Yes,Yes,,,,,,,,,,,
arbys-hyattsville,Arby's,['tradamerican'],38.983283996582,-76.9787368774414,MD,"University of Maryland College Park, 20740",3595.285814601564,4.5,7,False,No,Yes,Yes,Yes,,,Private Lot,No,Yes,Yes,Yes,Casual,Casual,Average,No,No,No,No,,No,Yes,
la-fondita-hyattsville,La Fondita,"['mexican', 'ethnicmarkets']",38.9496689,-76.9362564,MD,"University of Maryland College Park, 20740",4053.3729010151715,4.0,42,False,No,No,Yes,Yes,,Lunch,Private Lot,No,No,Yes,No,Casual,Divey,Quiet,No,No,No,Yes,,Yes,No,
steak-escape-hyattsville-2,Steak Escape,['steak'],38.966996,-76.95934,MD,"University of Maryland College Park, 20740",2855.8283399448446,4.0,2,False,,,,,,,,,,,Yes,,,,,No,,,,,,
super-japan-greenbelt,Super Japan,['japanese'],38.9984398,-76.9107208,MD,"University of Maryland College Park, 20740",2988.605569031334,4.0,4,False,No,No,Yes,Yes,,,,Yes,,Yes,No,Casual,,Quiet,No,No,No,Yes,,,No,
bun-cafe-greenbelt,Bun Cafe,['restaurants'],38.9973650872707,-76.9077381491661,MD,"University of Maryland College Park, 20740",2806.2050237422836,5.0,2,False,,,,,,,,,,,,,,,,,,,,,,
boston-market-riverdale,Boston Market,"['comfortfood', 'tradamerican', 'catering']",38.960777,-76.919365,MD,"University of Maryland College Park, 20740",3220.6244646071746,2.5,11,False,No,No,Yes,Yes,,,,,,Yes,Yes,Casual,,,,,,No,,,,
tiffin-takoma-park,Tiffin,"['indpak', 'buffets']",38.9872818,-76.9855042,MD,"University of Maryland College Park, 20740",4157.808023476141,4.0,162,False,Yes,No,Yes,Yes,,Lunch,Private Lot,No,Yes,Yes,Yes,Casual,Casual,Average,Beer & Wine Only,No,No,No,,Yes,Yes,
new-century-carry-out-and-resturant-hyattsville,New Century Carry Out & Resturant,"['chinese', 'chicken_wings']",38.9559953659773,-76.96214877069,MD,"University of Maryland College Park, 20740",4002.1058246276775,4.0,15,False,No,Yes,Yes,Yes,,Lunch,Private Lot,Yes,,Yes,No,Casual,Divey,Average,No,No,No,No,,No,No,
pizza-oven-riverdale,Pizza Oven,['pizza'],38.9609184,-76.9027863,MD,"University of Maryland College Park, 20740",4095.418528377494,4.5,14,False,No,Yes,Yes,No,,,,,,Yes,Yes,Casual,,,,No,,Yes,,,,
golden-krust-hyattsville,Golden Krust,"['bakeries', 'caribbean']",38.9670792,-76.9592438,MD,"University of Maryland College Park, 20740",2679.1771364328933,3.0,11,False,No,No,Yes,Yes,,,,,Yes,Yes,,Casual,,,,,,Yes,,No,,
papa-johns-pizza-college-park,Papa John's Pizza,['pizza'],38.98177,-76.937141,MD,"University of Maryland College Park, 20740",485.81927814002177,2.0,11,False,No,Yes,Yes,Yes,,,,,,,No,Casual,,,,No,,,,No,,
pizza-roma-college-park,Pizza Roma,['pizza'],39.0135642886162,-76.9214261323214,MD,"University of Maryland College Park, 20740",3337.3227636817874,4.0,48,False,No,Yes,Yes,Yes,,"Lunch, Dinner",Private Lot,Yes,Yes,Yes,Yes,Casual,"Divey, Casual",Quiet,No,No,No,Yes,,No,No,
jerk-hill-cafe-hyattsville,Jerk Hill Cafe,['caribbean'],38.9710492640734,-76.9782748818398,MD,"University of Maryland College Park, 20740",3949.6750751569293,4.0,12,False,No,No,Yes,Yes,,,,,Yes,Yes,No,Casual,,Quiet,No,No,,No,,No,,
woodlands-indian-restaurant-langley-park-2,Woodlands Indian Restaurant,"['indpak', 'vegetarian']",38.9910994470119,-76.9875231385231,MD,"University of Maryland College Park, 20740",4365.259971928888,4.0,206,False,No,No,Yes,Yes,,Lunch,Private Lot,No,Yes,Yes,Yes,Casual,Casual,Average,No,No,No,No,,Yes,Yes,
wings-to-go-greenbelt-2,Wings To Go,['chicken_wings'],38.999046,-76.911148,MD,"University of Maryland College Park, 20740",2675.907753847425,2.0,2,False,No,No,Yes,Yes,,,,,Yes,Yes,Yes,Casual,,,No,No,No,,,No,,
wendys-riverdale,Wendy's,"['burgers', 'hotdogs']",38.962719,-76.919693,MD,"University of Maryland College Park, 20740",3016.1729818875247,1.5,5,False,No,No,Yes,Yes,,,,,,Yes,No,Casual,,,,No,,,,,,Yes
ihop-college-park,IHOP,"['breakfast_brunch', 'tradamerican']",39.01432,-76.928558,MD,"University of Maryland College Park, 20740",3209.3922400406564,3.0,40,False,No,No,Yes,Yes,,Breakfast,Private Lot,No,Yes,Yes,Yes,Casual,Casual,Average,No,No,Free,No,,Yes,No,
checkers-drive-in-berwyn-heights,Checkers Drive In,"['hotdogs', 'burgers']",38.99725,-76.910179,MD,"University of Maryland College Park, 20740",2649.968726452723,2.5,7,False,No,No,Yes,Yes,,,,Yes,,Yes,Yes,Casual,,Average,No,Yes,No,No,,No,,Yes
pollo-oro-langley-park,Pollo Oro,['peruvian'],38.9834003023739,-76.9784582586089,MD,"University of Maryland College Park, 20740",3569.4707687801324,5.0,1,False,No,Yes,Yes,Yes,,,,,,Yes,Yes,Casual,,,,No,,,,,,
basils-pizza-adelphi,Basil's Pizza,['pizza'],39.0046472847462,-76.9707613438368,MD,"University of Maryland College Park, 20740",3497.5848381636883,3.0,7,False,No,Yes,Yes,Yes,,,,,,,No,Casual,,,,No,,,,No,,
mcdonalds-riverdale-2,McDonald's,"['hotdogs', 'burgers']",38.964088,-76.939545,MD,"University of Maryland College Park, 20740",2459.2212326195972,1.5,5,False,No,No,Yes,Yes,,,,,,Yes,Yes,Casual,,,,No,,,,No,,Yes
the-lobby-cafe-college-park-3,The Lobby Cafe,"['chicken_wings', 'sandwiches']",39.0134506534686,-76.9286122772808,MD,"University of Maryland College Park, 20740",3128.880099000678,5.0,1,False,No,No,Yes,Yes,,,"Street, Private Lot",,Yes,Yes,Yes,Casual,,Quiet,No,No,No,,No,No,No,
emilys-restaurant-and-carryout-hyattsville,Emily's Restaurant & Carryout,['restaurants'],38.9833679,-76.9772339,MD,"University of Maryland College Park, 20740",3454.2729619458387,2.5,3,False,No,No,Yes,Yes,,,,,,No,Yes,Casual,,Very Loud,Full Bar,No,,Yes,,Yes,No,
taqueria-el-rey-riverdale,Taqueria El Rey,['mexican'],38.9606552,-76.9034653,MD,"University of Maryland College Park, 20740",4029.4649990459075,4.0,5,False,Yes,No,Yes,Yes,,,,Yes,,Yes,Yes,Casual,,,,,,Yes,,,,
el-dorado-carryout-hyattsville,El Dorado Carryout,['salvadoran'],38.983982,-76.97625,MD,"University of Maryland College Park, 20740",3376.185026863914,3.0,3,False,No,No,Yes,Yes,,,,,,,No,,,,,,,,,,,
mcdonalds-berwyn-heights,McDonald's,"['hotdogs', 'burgers']",38.996346,-76.905373,MD,"University of Maryland College Park, 20740",2984.3382389277526,3.0,5,False,No,No,Yes,Yes,,,,Yes,,Yes,Yes,Casual,,Average,No,No,Free,Yes,,No,No,Yes
emeritas-pupuseria-and-carry-out-hyattsville,Emerita's Pupuseria & Carry-Out,"['latin', 'tex-mex']",38.9560215175152,-76.9621025025845,MD,"University of Maryland College Park, 20740",3998.4632892614623,4.0,12,False,Yes,No,Yes,Yes,,"Lunch, Dinner",Private Lot,Yes,Yes,Yes,Yes,Casual,Divey,Quiet,No,No,No,Yes,,Yes,Yes,
los-antojitos-hyattsville,Los Antojitos,"['ethnicmarkets', 'mexican']",39.0046834945679,-76.9704904407263,MD,"University of Maryland College Park, 20740",3491.4707504712237,2.5,6,False,,,Yes,Yes,,,,,Yes,,Yes,Casual,,,Full Bar,No,,Yes,,Yes,,
mcdonalds-riverdale-6,McDonald's,"['burgers', 'hotdogs']",38.959339,-76.919556,MD,"University of Maryland College Park, 20740",3351.2394427809527,5.0,1,False,No,No,Yes,Yes,,,,No,,Yes,Yes,Casual,,Average,No,No,Free,Yes,,No,No,
tgi-fridays-greenbelt-3,TGI Friday's,"['tradamerican', 'bars']",38.997379,-76.894501,MD,"University of Maryland College Park, 20740",3908.251378076807,2.5,76,False,No,No,Yes,Yes,,Lunch,Private Lot,No,Yes,Yes,Yes,Casual,Casual,Average,Full Bar,No,No,Yes,,Yes,Yes,
don-pollo-hyattsville,Don Pollo,['peruvian'],38.9833679,-76.9772339,MD,"University of Maryland College Park, 20740",3454.2729619458387,3.0,13,False,,,Yes,Yes,,,Private Lot,,Yes,,,,,Average,,,,,,,,
buffalo-wild-wings-college-park,Buffalo Wild Wings,"['chicken_wings', 'sportsbars', 'tradamerican']",39.022102233974,-76.925261264685,MD,"University of Maryland College Park, 20740",4132.5726882513645,3.0,146,False,No,No,Yes,Yes,,Lunch,Private Lot,Yes,Yes,Yes,Yes,Casual,Casual,Loud,Full Bar,Yes,Free,Yes,,Yes,Yes,
el-sitio-riverdale-park,El Sitio,"['mexican', 'newamerican']",38.9592285,-76.9181824,MD,"University of Maryland College Park, 20740",3580.292542117016,4.0,1,False,Yes,,Yes,Yes,,,,,,Yes,Yes,Casual,,,,No,,Yes,,,,
yums-express-college-park,Yum's Express,['chinese'],39.0162397921085,-76.9307541847229,MD,"University of Maryland College Park, 20740",3388.5697211511283,3.0,27,False,No,Yes,Yes,Yes,,Lunch,Private Lot,Yes,,No,No,Casual,,Average,No,No,No,No,,No,,
caribbean-palace-takoma-park,Caribbean Palace,"['caribbean', 'ethnicmarkets']",38.9882314950228,-76.9879368692636,MD,"University of Maryland College Park, 20740",4379.986090413937,4.0,35,False,No,No,Yes,No,,"Lunch, Dinner",Private Lot,Yes,Yes,Yes,No,Casual,Casual,Average,No,No,No,No,,No,Yes,
teriyaki-express-hyattsville,Teriyaki Express,['japanese'],38.9852828979492,-76.9829635620117,MD,"University of Maryland College Park, 20740",3945.548905429542,3.5,5,False,No,No,Yes,Yes,,,,No,,Yes,Yes,Casual,,Average,No,No,No,Yes,,No,No,
boston-market-greenbelt,Boston Market,"['comfortfood', 'tradamerican', 'catering']",38.9972,-76.9062729,MD,"University of Maryland College Park, 20740",3075.945938530452,4.0,8,False,No,No,Yes,Yes,,,,No,,Yes,No,Casual,,,,No,,No,,,Yes,
samlina-restaurant-riverdale,Samlina Restaurant,['mexican'],38.9593239873648,-76.9181920588017,MD,"University of Maryland College Park, 20740",3373.94150589104,3.5,3,False,,,,,,,,,,,,,,,,,,,,,,
dominos-pizza-berwyn-heights,Domino's Pizza,"['chicken_wings', 'pizza', 'sandwiches']",38.996365,-76.907822,MD,"University of Maryland College Park, 20740",2792.8554920369515,3.0,4,False,,,Yes,,,,,,,,,Casual,,,No,,,No,,,,
golden-house-5-hyattsville,Golden House 5,['chinese'],38.965916,-76.95311,MD,"University of Maryland College Park, 20740",2632.3662253396224,2.5,10,False,No,Yes,Yes,Yes,,,,,,No,No,Casual,,,No,No,No,No,,No,,
mcdonalds-college-park,McDonald's,"['hotdogs', 'burgers']",38.9920997619629,-76.9330673217773,MD,"University of Maryland College Park, 20740",757.7298934507216,2.5,12,False,No,No,Yes,Yes,,,,No,,Yes,No,Casual,,Average,No,No,No,No,,No,No,Yes
sardis-pollo-a-la-brasa-takoma-park,Sardis Pollo A La Brasa,['peruvian'],38.9887099493052,-76.9879938662052,MD,"University of Maryland College Park, 20740",4389.853183835249,4.0,28,False,No,No,Yes,Yes,,,Street,Yes,,Yes,Yes,Casual,,Average,No,No,No,Yes,,No,,
hunan-china-carry-out-greenbelt,Hunan China Carry Out,['chinese'],39.0045057982206,-76.9029202312231,MD,"University of Maryland College Park, 20740",3592.075793557742,3.0,2,False,,Yes,Yes,Yes,,,,,,Yes,No,,,,,,,,,,,
chicken-loco-peruvian-chicken-hyattsville,Chicken Loco Peruvian Chicken,['peruvian'],38.9709907,-76.9786607,MD,"University of Maryland College Park, 20740",3951.1706934265067,4.5,5,False,No,No,Yes,Yes,,,,Yes,,Yes,Yes,Casual,,Quiet,No,No,No,Yes,,,,
kitchen-near-you-hyattsville,Kitchen Near You,['african'],38.95507,-76.965271,MD,"University of Maryland College Park, 20740",4215.86125699985,3.0,18,False,Yes,No,Yes,Yes,,,,,,Yes,Yes,Casual,,Very Loud,Full Bar,Yes,No,Yes,,No,No,
new-york-deli-college-park-3,New York Deli,['delis'],39.0164909,-76.9212799,MD,"University of Maryland College Park, 20740",3655.1705286354363,3.0,27,False,No,Yes,Yes,Yes,,,,,,Yes,Yes,Casual,Divey,Average,No,No,Paid,No,,No,Yes,
ruby-thai-kitchen-hyattsville,Ruby Thai Kitchen,['thai'],38.9670792,-76.9592438,MD,"University of Maryland College Park, 20740",2679.1433624876854,1.0,1,False,,,Yes,,,,,,,,,,,,,,,,,,,
shen-yang-chinese-restaurant-college-park,Shen Yang Chinese Restaurant,['chinese'],39.016233086586,-76.9205570966005,MD,"University of Maryland College Park, 20740",3640.193668908167,3.0,19,False,No,Yes,Yes,Yes,,Dinner,Private Lot,,,No,No,Casual,,Quiet,No,No,No,No,,No,No,
queensway-restaurants-and-catering-riverdale,Queensway Restaurants & Catering,"['african', 'soulfood', 'fooddeliveryservices']",38.9592934,-76.9179916,MD,"University of Maryland College Park, 20740",3463.4397979257133,3.0,9,False,No,No,Yes,Yes,,Lunch,,Yes,Yes,Yes,Yes,Casual,,Average,No,No,Free,Yes,,Yes,Yes,
china-golden-hyattsville,China Golden,['chinese'],39.0046969056129,-76.9703771173954,MD,"University of Maryland College Park, 20740",3524.951269100421,2.5,4,False,,Yes,Yes,Yes,,,,,Yes,Yes,Yes,Casual,,,No,No,,,,No,,
caribbean-delight-hyattsville,Caribbean Delight,['caribbean'],38.9845581054688,-76.9780960083008,MD,"University of Maryland College Park, 20740",3526.573881942315,4.0,1,False,,,,,,,,,,,,,,,,,,,,,,
los-laureles-hyattsville,Los Laureles,['mexican'],38.9713783,-76.9784393,MD,"University of Maryland College Park, 20740",3920.125337941573,4.0,2,False,,,,,,,,,,Yes,Yes,Casual,,Average,,No,,,,Yes,,
chima-restaurant-goddard,Chima Restaurant,"['african', 'ethnicmarkets']",39.0031775069105,-76.9001770019531,MD,"University of Maryland College Park, 20740",3726.863350470464,4.0,1,False,,,,,,,,,,,,,,,,,,,,,,
four-way-stop-market-and-carryout-hyattsville,Four Way Stop Market & Carryout,['newamerican'],38.959639146924,-76.9498273730278,MD,"University of Maryland College Park, 20740",3109.5142668448016,4.0,2,False,No,No,No,Yes,,,,,,,Yes,Casual,,Average,Beer & Wine Only,No,No,No,,No,No,
season-buffet-hyattsville,Season Buffet,"['sushi', 'seafood', 'buffets']",38.9841732159863,-76.981811388365,MD,"University of Maryland College Park, 20740",3852.473046800145,2.5,13,False,No,No,Yes,Yes,,,,Yes,,Yes,Yes,Casual,Casual,Quiet,Beer & Wine Only,No,No,Yes,,Yes,,
la-chiquita-restaurant-hyattsville-2,La Chiquita Restaurant,['latin'],38.9855728149414,-76.9807739257812,MD,"University of Maryland College Park, 20740",3754.1135279935297,2.5,3,False,Yes,No,Yes,Yes,,,,No,,Yes,Yes,Casual,,Average,Full Bar,No,Free,Yes,,Yes,Yes,
mcdonalds-greenbelt,McDonald's,"['hotdogs', 'burgers']",38.999046,-76.911148,MD,"University of Maryland College Park, 20740",2675.907753847425,3.0,1,False,No,No,Yes,Yes,,,,,Yes,Yes,Yes,Casual,,,No,No,,,,No,,
wendys-greenbelt,Wendy's,"['burgers', 'hotdogs']",38.9971542,-76.9060135,MD,"University of Maryland College Park, 20740",3021.6649492169104,1.5,5,False,No,No,Yes,Yes,,,,Yes,,Yes,,Casual,,Average,No,No,,,,No,No,Yes
china-sub-shop-hyattsville,China Sub Shop,"['chinese', 'chicken_wings', 'cheesesteaks']",38.9712946861982,-76.9784968346357,MD,"University of Maryland College Park, 20740",3951.1706934265067,4.0,1,False,No,Yes,Yes,Yes,,,"Street, Private Lot",,No,Yes,Yes,Casual,,,No,No,No,No,No,No,No,
moose-creek-steakhouse-college-park,Moose Creek Steakhouse,['steak'],39.020576,-76.926712,MD,"University of Maryland College Park, 20740",3938.554122240054,2.5,22,False,Yes,No,Yes,Yes,,Lunch,Private Lot,No,,Yes,Yes,Casual,Casual,Quiet,Full Bar,No,No,Yes,,Yes,No,
asian-carry-out-hyattsville,Asian Carry Out,['chinese'],38.9847145,-76.9674301,MD,"University of Maryland College Park, 20740",2571.4425003934243,2.5,7,False,No,Yes,Yes,Yes,,,,No,,No,Yes,Casual,,Average,No,No,No,Yes,,No,,
sarku-japan-college-park,Sarku Japan,['japanese'],39.023453,-76.924141,MD,"University of Maryland College Park, 20740",4301.127590307686,3.0,35,False,No,No,Yes,Yes,,Lunch,Private Lot,Yes,Yes,Yes,Yes,Casual,Casual,Average,No,Yes,No,No,,No,No,
cluck-university-chicken-the-college-park,Cluck-University Chicken the,['restaurants'],38.9816178381443,-76.9377762079239,MD,"University of Maryland College Park, 20740",506.08516974627724,5.0,1,False,,,,,,,,,,,,,,,,,,,,,,
acapulco-spirit-restaurant-hyattsville,Acapulco Spirit Restaurant,['newamerican'],38.956405,-76.963172,MD,"University of Maryland College Park, 20740",3989.4101684481175,3.0,6,False,No,No,Yes,Yes,No,,Private Lot,Yes,Yes,,Yes,,,,Full Bar,No,No,Yes,No,Yes,Yes,
el-marinero-takoma-park,El Marinero,['latin'],38.9877909421921,-76.9861572235823,MD,"University of Maryland College Park, 20740",4277.562906709008,4.5,2,False,,No,Yes,,,,,,,Yes,Yes,Casual,,Average,,No,,Yes,,No,,
popeyes-chicken-and-biscuits-hyattsville,Popeyes Chicken and Biscuits,"['hotdogs', 'chicken_wings']",38.9670792,-76.9592438,MD,"University of Maryland College Park, 20740",2679.1433624876854,2.0,1,False,No,No,No,Yes,,,,,No,,,,,,,,,,,,No,
zhengs-restaurant-riverdale,Zhengs Restaurant,['chinese'],38.9606628,-76.9034653,MD,"University of Maryland College Park, 20740",4036.5171333340486,3.5,2,False,,No,Yes,,,,,,,,,,,,,,,,,,,
popeyes-greenbelt-2,Popeye's,['hotdogs'],38.9971330761909,-76.9063983857632,MD,"University of Maryland College Park, 20740",2967.5230377725047,2.0,1,False,No,No,Yes,Yes,,,,,No,,,,,,,,,,,,No,
potbelly-sandwich-shop-college-park-3,Potbelly Sandwich Shop,"['sandwiches', 'hotdogs', 'delis']",39.0224729,-76.9245531,MD,"University of Maryland College Park, 20740",4188.160832324866,3.5,22,False,No,No,Yes,Yes,,Lunch,Private Lot,Yes,Yes,Yes,Yes,Casual,Casual,Average,No,Yes,,No,,No,Yes,No
popeyes-famous-fried-chicken-hyattsville-2,Popeyes Famous Fried Chicken,['restaurants'],39.0042762756348,-76.969856262207,MD,"University of Maryland College Park, 20740",3458.668558222551,2.5,4,False,No,No,Yes,Yes,,Lunch,,,,Yes,Yes,Casual,,Average,No,No,,No,,No,No,
taco-rico-hyattsville,Taco Rico,['mexican'],38.946438,-76.928154,MD,"University of Maryland College Park, 20740",4466.137783656481,4.5,3,False,No,No,Yes,Yes,,,,,,Yes,Yes,Casual,,,No,No,,Yes,,Yes,,
el-quetzal-restaurant-hyattsville,El Quetzal Restaurant,['mexican'],38.9858551025391,-76.9841613769531,MD,"University of Maryland College Park, 20740",4062.495757395791,5.0,1,False,,,,,,,,,,,,,,,,,,,,,,
el-rey-taqueria-and-rostiseria-riverdale,El Rey Taqueria & Rostiseria,['mexican'],38.9539168,-76.9229955,MD,"University of Maryland College Park, 20740",3790.3619883815204,3.0,2,False,No,No,Yes,Yes,,,,Yes,,Yes,Yes,Casual,,Loud,No,No,No,No,,Yes,,
viet-pho-and-grill-silver-spring,Viet Pho & Grill,['vietnamese'],39.0200585871935,-76.9751876592636,MD,"University of Maryland College Park, 20740",5068.644744455746,4.0,103,False,Yes,No,Yes,Yes,,Lunch,Private Lot,No,,Yes,Yes,Casual,Casual,Quiet,Beer & Wine Only,No,No,Yes,,Yes,,
bono-pizza-riverdale,Bono Pizza,['pizza'],38.9589119,-76.9191055,MD,"University of Maryland College Park, 20740",3399.9544807249026,2.0,19,False,No,Yes,Yes,Yes,,Dinner,,,Yes,No,Yes,Casual,,,No,No,,,,No,No,
golden-china-restaurant-hyattsville,Golden China Restaurant,['chinese'],38.9596596,-76.9499207,MD,"University of Maryland College Park, 20740",3107.213583186044,3.0,16,False,No,Yes,Yes,Yes,,Lunch,Private Lot,,,No,No,Casual,,Average,No,No,No,No,,No,,
jewel-of-india-silver-spring,Jewel of India,['indpak'],39.0217667,-76.9769058,MD,"University of Maryland College Park, 20740",5179.322869711302,4.0,196,False,Yes,No,Yes,Yes,,Lunch,Private Lot,Yes,,Yes,Yes,Casual,Casual,Average,Full Bar,No,No,Yes,,Yes,Yes,
three-brothers-italian-restaurant-hyattsville,Three Brothers Italian Restaurant,['italian'],38.9822099357843,-76.9792860746384,MD,"University of Maryland College Park, 20740",3648.622299644297,3.0,1,False,,,,,,,,,,,,,,,,,,,,,,
szechuan-delight-hyattsville,Szechuan Delight,['restaurants'],38.9906300604343,-76.9876076281071,MD,"University of Maryland College Park, 20740",4379.274756770619,4.5,4,False,,,,,,,,,,,Yes,,,,No,,,,,No,,
sammys-carry-out-hyattsville,Sammy's Carry-Out,"['chinese', 'fooddeliveryservices']",38.9531629532576,-76.9544387608767,MD,"University of Maryland College Park, 20740",3950.942346291877,3.0,6,False,No,Yes,,Yes,,,,,,Yes,Yes,,,,,,,,,,,
no-1-china-takoma-park,No.1 China,['szechuan'],38.9871800690889,-76.9877719134092,MD,"University of Maryland College Park, 20740",4368.517350111735,3.5,4,False,Yes,Yes,Yes,Yes,,,,Yes,,Yes,No,Casual,,,,No,,No,,,,
chipotle-mexican-grill-college-park-2,Chipotle Mexican Grill,"['mexican', 'hotdogs']",39.0226720572252,-76.9256365299225,MD,"University of Maryland College Park, 20740",4185.986779981417,2.5,11,False,No,No,Yes,Yes,,Lunch,,No,,Yes,Yes,Casual,,Average,Beer & Wine Only,Yes,No,No,,No,,No
joes-restaurant-mount-rainier,Joe's Restaurant,"['sandwiches', 'hotdogs', 'chinese']",38.9506416,-76.9669037,MD,"University of Maryland College Park, 20740",4671.589994109522,4.0,5,False,No,Yes,Yes,No,,,,,,,No,Dressy,,,,No,No,,,,,
taqueria-tres-reyes-hyattsville-2,Taqueria Tres Reyes,['mexican'],38.9841039060901,-76.9786782994992,MD,"University of Maryland College Park, 20740",3582.61877048533,5.0,1,False,No,No,Yes,Yes,,,,,,Yes,Yes,Casual,,,,No,,Yes,,,,
tonys-villa-pizza-takoma-park,Tony's Villa Pizza,['pizza'],38.9882382005453,-76.9879355281591,MD,"University of Maryland College Park, 20740",4379.705969900996,3.0,13,False,No,Yes,Yes,Yes,,"Lunch, Dinner",,No,Yes,Yes,No,Casual,,Quiet,No,No,No,No,,No,No,
senor-chicken-hyattsville,Senor Chicken,['peruvian'],38.990387,-76.9877472,MD,"University of Maryland College Park, 20740",4388.625677247149,4.0,6,False,No,No,Yes,No,,,,,Yes,Yes,Yes,Casual,,,No,No,,,,No,,
jerrys-pizza-and-subs-hyattsville,Jerry's Pizza & Subs,"['sandwiches', 'italian', 'pizza']",38.9666367,-76.9587555,MD,"University of Maryland College Park, 20740",2334.152956797683,2.5,5,False,No,No,Yes,Yes,,,,,,Yes,Yes,Casual,,Quiet,No,No,,Yes,,No,Yes,
el-triufo-restaurant-hyattsville,El Triufo Restaurant,['restaurants'],38.9834251403809,-76.9799575805664,MD,"University of Maryland College Park, 20740",3709.9807575853074,2.0,3,False,No,No,Yes,Yes,,,,No,,Yes,Yes,Casual,,Loud,,,No,,,,,
pho-301-restaurant-hyattsville,Pho 301 Restaurant,['vietnamese'],38.9852828979492,-76.9829635620117,MD,"University of Maryland College Park, 20740",3945.548905429542,3.5,12,False,No,No,Yes,Yes,,,Private Lot,Yes,Yes,Yes,Yes,Casual,,Average,No,No,No,Yes,,Yes,No,
three-brothers-pizza-hyattsville,Three Brothers Pizza,['pizza'],38.9822099357843,-76.9792860746384,MD,"University of Maryland College Park, 20740",3673.264335201492,2.0,10,False,,Yes,,Yes,,,,,,Yes,Yes,Casual,,,Beer & Wine Only,No,,Yes,,,Yes,
pupuseria-emily-hyattsville,Pupuseria Emily,['salvadoran'],38.9731026,-76.9795837,MD,"University of Maryland College Park, 20740",3943.6761599399333,5.0,1,False,,No,Yes,Yes,,,,,,,No,Casual,,,,No,,Yes,,,,
mid-atlantic-seafood-hyattsville,Mid Atlantic Seafood,['seafood'],38.950359,-76.968124,MD,"University of Maryland College Park, 20740",4790.909830916886,4.0,14,False,No,No,Yes,Yes,,,,Yes,,Yes,Yes,Casual,Casual,Average,Full Bar,No,No,Yes,,No,Yes,
pupuseria-marlene-llc-hyattsville,Pupuseria Marlene Llc,['restaurants'],38.9731026,-76.9795837,MD,"University of Maryland College Park, 20740",3935.908751727326,5.0,1,False,,,,,,,,,,,,,,,,,,,,,,
sakura-japan-hyattsville,Sakura Japan,['japanese'],38.985283,-76.982947,MD,"University of Maryland College Park, 20740",3945.548905429542,3.0,1,False,,,,,,,,,,,,,,,,,,,,,,
eastern-carryout-riverdale,Eastern Carryout,['restaurants'],38.95901016891,-76.919107362628,MD,"University of Maryland College Park, 20740",3400.121827068285,3.0,1,False,No,Yes,Yes,,,,,,,,,Casual,,,,,,,,,,
tabeer-hyattsville,Tabeer,['pakistani'],38.9858551025391,-76.9841613769531,MD,"University of Maryland College Park, 20740",4062.495757395791,3.0,8,False,Yes,,Yes,Yes,,,,,,Yes,Yes,Casual,,Average,No,No,No,,,Yes,,
taqueria-tres-reyes-hyattsville,Taqueria Tres Reyes,['mexican'],38.9835751163664,-76.9806248462544,MD,"University of Maryland College Park, 20740",3754.559704843979,1.0,1,False,,,,,,,,,,,,,,,,,,,,,,
international-buffet-hyattsville,International Buffet,['buffets'],38.9852828979492,-76.9829635620117,MD,"University of Maryland College Park, 20740",3945.548905429542,2.0,2,False,No,No,No,Yes,,,,,,Yes,No,Formal (Jacket Required),,Average,,No,No,,,No,,
urban-bar-b-que-silver-spring-4,Urban Bar-B-Que,"['bbq', 'comfortfood', 'chicken_wings']",39.0219444,-76.9768038,MD,"University of Maryland College Park, 20740",5243.993886908707,3.0,85,False,No,No,Yes,Yes,No,"Lunch, Dinner",Private Lot,Yes,Yes,Yes,Yes,Casual,Casual,Average,No,No,No,Yes,,No,Yes,
the-caribbean-market-takoma-park,The Caribbean Market,"['grocery', 'caribbean']",38.9846001,-76.9879837,MD,"University of Maryland College Park, 20740",4282.622037645107,3.5,11,False,No,No,Yes,Yes,,,,No,,Yes,Yes,Casual,,,,No,,No,,,,
la-sirenita-restaurant-hyattsville,La Sirenita Restaurant,['mexican'],38.9482002,-76.9268036,MD,"University of Maryland College Park, 20740",4280.999360660189,3.5,45,False,No,No,Yes,Yes,,"Lunch, Dinner",Street,No,Yes,Yes,Yes,Casual,Divey,Average,Beer & Wine Only,No,No,Yes,,Yes,Yes,
el-dorado-sea-food-hyattsville,El Dorado Sea Food,['seafood'],38.9707339989938,-76.9780761650683,MD,"University of Maryland College Park, 20740",3917.9205885904385,5.0,1,False,,,,,,,,,,,,,,,,,,,,,,
house-of-china-riverdale,House of China,['chinese'],38.96487,-76.897346,MD,"University of Maryland College Park, 20740",4185.115880185075,3.0,4,False,No,Yes,Yes,Yes,,,,No,,Yes,Yes,Casual,,Quiet,No,No,No,No,,No,Yes,
mcdonalds-hyattsville-4,McDonald's,"['hotdogs', 'burgers']",38.9845695495605,-76.9706344604492,MD,"University of Maryland College Park, 20740",2885.7092832387293,3.0,5,False,No,No,Yes,Yes,,,,,,Yes,Yes,Casual,,Average,,No,,Yes,,,,Yes
panda-china-hyattsville,Panda China,['chinese'],38.9830017089844,-76.9798278808594,MD,"University of Maryland College Park, 20740",3692.3416667752304,2.0,5,False,No,Yes,Yes,Yes,,,,No,,No,No,Casual,,,,,,No,,,,
silver-moon-cafe-greenbelt,Silver Moon Cafe,['cafes'],39.0081442147493,-76.8962985277176,MD,"University of Maryland College Park, 20740",4299.695310161692,2.0,1,False,Yes,No,Yes,Yes,,,,,,No,Yes,Casual,,,,,,No,,,,
mcdonalds-riverdale-park,McDonald's,"['hotdogs', 'burgers']",38.959339,-76.919556,MD,"University of Maryland College Park, 20740",3351.2394427809527,1.5,4,False,No,No,Yes,,,,,No,,Yes,Yes,,,,,No,,,,,,
las-delicias-restaurant-buffet-hyattsville,Las Delicias Restaurant Buffet,"['buffets', 'mexican', 'chinese']",38.9904251,-76.9877396,MD,"University of Maryland College Park, 20740",4388.5578307681,4.0,2,False,No,No,Yes,Yes,,,,,,Yes,Yes,Casual,,,,,,,,,,
subway-college-park,Subway,"['sandwiches', 'hotdogs']",38.9812004225484,-76.9377070635424,MD,"University of Maryland College Park, 20740",549.8884036400246,3.0,5,False,No,No,Yes,Yes,,Lunch,,,,Yes,Yes,Casual,,Average,No,No,,No,,No,Yes,No
cheesesteak-mikes-silver-spring,Cheesesteak Mikes,"['pizza', 'sportsbars']",39.0230141,-76.9784012,MD,"University of Maryland College Park, 20740",5392.914830290724,3.5,38,False,No,Yes,Yes,Yes,,Lunch,Private Lot,Yes,No,Yes,Yes,Casual,,Quiet,Beer & Wine Only,No,Free,Yes,No,Yes,Yes,
kfc-berwyn-heights,KFC,"['hotdogs', 'chicken_wings']",38.9974,-76.9098,MD,"University of Maryland College Park, 20740",2687.3589205862336,2.5,3,False,No,No,Yes,Yes,,,,No,,No,No,Casual,,,,No,Free,,,,Yes,
el-puente-de-oro-hyattsville,El Puente De Oro,"['latin', 'mexican']",38.9858551025391,-76.9841613769531,MD,"University of Maryland College Park, 20740",4054.230265958574,2.5,5,False,No,,,Yes,,,,Yes,,No,,Casual,,Very Loud,Full Bar,No,No,Yes,,,,
heartys-2-hyattsville,Heartys 2,"['chinese', 'cheesesteaks', 'sandwiches']",38.9502792,-76.9675217,MD,"University of Maryland College Park, 20740",4764.368312605899,3.0,9,False,,,,,,,,,,Yes,,,,,No,,,No,,,,
dominos-pizza-hyattsville-4,Domino's Pizza,"['chicken_wings', 'pizza', 'sandwiches']",38.948757,-76.940659,MD,"University of Maryland College Park, 20740",4167.036760280611,3.5,8,False,No,Yes,Yes,Yes,,,,No,No,Yes,No,Casual,,Quiet,No,No,,No,,Yes,Yes,
wendys-hyattsville-2,Wendy's,"['burgers', 'hotdogs']",38.9683456420898,-76.9842529296875,MD,"University of Maryland College Park, 20740",4509.618776016177,3.0,1,False,No,No,Yes,Yes,,,,,,Yes,Yes,Casual,,,No,No,,,,,No,Yes
leylas-cafe-hyattsville-3,Leyla's Cafe,['cafes'],38.9592918008566,-76.9865367561579,MD,"University of Maryland College Park, 20740",5212.600693338646,4.0,4,False,,No,Yes,Yes,,,,,,Yes,Yes,,,,,,,,,,,
tacos-cinco-de-mayo-hyattsville,Tacos Cinco De Mayo,['mexican'],38.9469108581543,-76.8914489746094,MD,"University of Maryland College Park, 20740",5895.985783628254,4.0,27,False,No,No,Yes,Yes,,Lunch,Private Lot,Yes,,Yes,Yes,Casual,,Average,No,No,No,Yes,,Yes,No,
pollo-campero-takoma-park,Pollo Campero,['latin'],38.9871063,-76.985199,MD,"University of Maryland College Park, 20740",4130.948378139559,3.5,13,False,No,No,Yes,Yes,,Lunch,,No,Yes,Yes,Yes,Casual,Casual,Average,No,No,No,No,,No,No,
vittorios-deli-greenbelt,Vittorio's Deli,"['delis', 'sandwiches']",39.008461,-76.898209,MD,"University of Maryland College Park, 20740",4208.075918581593,4.0,1,False,No,,Yes,Yes,,,,,,,,,,,,,,,,,,
papa-johns-pizza-hyattsville,Papa John's Pizza,['pizza'],38.9726901054382,-76.9807183742523,MD,"University of Maryland College Park, 20740",4044.272324693373,3.0,10,False,Yes,Yes,Yes,Yes,,,,,,Yes,Yes,Casual,,Quiet,No,No,No,No,,No,No,
panda-express-college-park,Panda Express,['chinese'],39.0010986328125,-76.9257736206055,MD,"University of Maryland College Park, 20740",1637.5328730261087,2.0,1,False,,,,,,,,,,,,,,,No,,,,,,,
dominos-pizza-hyattsville-6,Domino's Pizza,"['pizza', 'chicken_wings', 'sandwiches']",38.9838409,-76.9767685,MD,"University of Maryland College Park, 20740",3422.136395298517,2.0,2,False,,,,,,,,,,,,,,,,,,,,,,
pizza-hut-silver-spring-5,Pizza Hut,"['pizza', 'italian', 'chicken_wings']",39.0044032037258,-76.9810623675585,MD,"University of Maryland College Park, 20740",4285.634714320332,2.5,6,False,No,Yes,Yes,Yes,,,,No,No,Yes,Yes,Casual,,Average,No,No,,,,No,Yes,
ikea-restaurant-and-cafe-college-park,IKEA Restaurant & Cafe,['scandinavian'],39.021357618461,-76.9288621338,MD,"University of Maryland College Park, 20740",3983.9207173409677,2.5,30,False,No,No,No,Yes,,Lunch,Private Lot,Yes,,Yes,Yes,Casual,Casual,Very Loud,No,No,No,No,,No,No,
little-caesars-mount-rainier,Little Caesars,['pizza'],38.9514872431755,-76.9667614996433,MD,"University of Maryland College Park, 20740",4622.491802730848,3.0,5,False,No,No,Yes,Yes,,,,,,,No,Casual,,,,,,,,,,
checkers-hyattsville,Checkers,"['burgers', 'hotdogs']",38.9498940110207,-76.9675118476152,MD,"University of Maryland College Park, 20740",4937.689994402954,3.5,6,False,No,No,Yes,Yes,,,,,,Yes,No,Casual,,,No,Yes,No,No,,No,No,
pizza-hut-hyattsville,Pizza Hut,"['pizza', 'italian', 'chicken_wings']",38.955608,-76.963585,MD,"University of Maryland College Park, 20740",4082.407745251884,1.5,15,False,No,Yes,Yes,Yes,,"Lunch, Dinner",Private Lot,No,No,No,No,Casual,,Quiet,No,No,No,No,,No,Yes,
flamers-charbroiled-hyattsville,Flamers Charbroiled,['restaurants'],38.9670792,-76.9592438,MD,"University of Maryland College Park, 20740",3431.5529377409616,3.0,2,False,No,No,Yes,Yes,,,,,Yes,Yes,No,Casual,,,No,No,,,,No,,
popeyes-hyattsville-2,Popeyes,"['southern', 'hotdogs']",38.9516528695822,-76.9681683182716,MD,"University of Maryland College Park, 20740",4658.167147425414,2.5,3,False,No,No,Yes,Yes,,,,,,No,No,Casual,,Quiet,No,No,No,No,,No,Yes,
quiznos-silver-spring-6,Quiznos,"['sandwiches', 'hotdogs']",39.0219435095787,-76.9771268963814,MD,"University of Maryland College Park, 20740",5298.414674231657,3.5,3,False,No,No,Yes,Yes,,,,No,,Yes,Yes,Casual,,,No,No,,No,,,Yes,
pizza-bolis-hyattsville,Pizza Boli's,"['pizza', 'italian', 'sandwiches']",38.9729958,-76.9806747,MD,"University of Maryland College Park, 20740",3987.0095001782233,2.5,9,False,No,,,Yes,,,,,,Yes,Yes,Casual,,Very Loud,No,,No,No,,No,,
wendys-hyattsville-3,Wendy's,"['hotdogs', 'burgers']",38.9849577302018,-76.9816249608994,MD,"University of Maryland College Park, 20740",3832.3911205712834,5.0,1,False,No,No,,Yes,,,,,,Yes,,,,,,,,,,,,
mcdonalds-hyattsville-3,McDonald's,"['hotdogs', 'burgers']",38.9896126,-76.9873505,MD,"University of Maryland College Park, 20740",4350.1842418354045,4.0,2,False,No,No,Yes,Yes,,,,,,Yes,Yes,Casual,,Average,,No,Free,No,,,,Yes
eastern-carryout-silver-spring-2,Eastern Carryout,['chinese'],39.0227432,-76.9775467,MD,"University of Maryland College Park, 20740",5437.627734401146,2.5,7,False,No,Yes,Yes,Yes,,,Private Lot,,,Yes,No,Casual,,Quiet,No,No,,Yes,,No,,
asian-restaurant-riverdale,Asian Restaurant,['asianfusion'],38.955372,-76.922546,MD,"University of Maryland College Park, 20740",3650.3565915197178,1.0,1,False,,Yes,,,,,,,,,,,,,,,,,,No,,
burger-king-hyattsville-2,Burger King,['burgers'],38.984165,-76.97522,MD,"University of Maryland College Park, 20740",3283.6213418197167,2.5,3,False,No,No,Yes,Yes,,,,,,Yes,Yes,Casual,,Average,No,No,,Yes,,No,,Yes
pizza-hut-hyattsville-4,Pizza Hut,"['italian', 'pizza', 'chicken_wings']",38.9689102172852,-76.9844131469727,MD,"University of Maryland College Park, 20740",4498.158500131992,2.0,16,False,No,Yes,Yes,Yes,,,,No,No,Yes,No,Casual,,Quiet,No,No,No,No,,No,No,
philly-dawgz-silver-spring,Philly Dawgz,['hotdog'],39.0215063095093,-76.9768962264061,MD,"University of Maryland College Park, 20740",5173.087785207013,2.0,3,False,No,No,Yes,,,,,,,No,No,Casual,,Average,No,No,No,,,No,,
hunan-hut-hyattsville,Hunan Hut,['restaurants'],38.9900312572718,-76.9874138385057,MD,"University of Maryland College Park, 20740",4358.258499450619,1.0,1,False,,,,,,,,,,,,,,,,,,,,,,
lees-liquor-store-hyattsville,Lee's Liquor Store,"['beer_and_wine', 'restaurants']",38.955517,-76.965034,MD,"University of Maryland College Park, 20740",4163.543362358035,2.5,3,False,No,No,Yes,Yes,,,,,,Yes,Yes,Casual,,,,,,Yes,,,,
eddys-carry-out-bladensburg,Eddy's Carry Out,['newamerican'],38.947577252984,-76.9158001989126,MD,"University of Maryland College Park, 20740",4673.348402621584,3.0,1,False,No,Yes,Yes,Yes,,,,,,No,No,Casual,,Quiet,No,No,No,No,,No,No,
rebecca-ethiopian-cafe-and-grocery-hyattsville,Rebecca Ethiopian Cafe & Grocery,"['ethiopian', 'cafes']",38.9491806,-76.886795,MD,"University of Maryland College Park, 20740",5979.882470206986,4.5,19,False,No,No,Yes,Yes,,"Lunch, Dinner",Private Lot,,,Yes,Yes,Casual,Casual,Quiet,No,No,No,Yes,,Yes,Yes,
mcdonalds-riverdale,McDonald's,"['hotdogs', 'burgers']",38.964088,-76.939545,MD,"University of Maryland College Park, 20740",2459.2212326195972,3.5,2,False,No,No,Yes,Yes,,,,Yes,,Yes,No,Casual,,,,No,,,,,No,
ejs-landing-restaurant-college-park,Ej's Landing Restaurant,['steak'],38.996124,-76.930916,MD,"University of Maryland College Park, 20740",1220.1740505623088,1.0,1,False,,,,Yes,,,,,,,,Casual,,,,,,,,Yes,,
sbarro-hyattsville,Sbarro,['italian'],38.9559442,-76.9496499730469,MD,"University of Maryland College Park, 20740",3522.575641402139,1.0,1,False,,,,,,,,,,,,,,,,,,,,,,
el-taco-azteca-hyattsville,El Taco Azteca,['mexican'],38.9498787,-76.9264526,MD,"University of Maryland College Park, 20740",4135.379433877656,3.5,3,False,No,,Yes,,,,,,,,,,,,,,,Yes,,,,
jolloff-etcetera-hyattsville-2,Jolloff Etcetera,['african'],38.9493448287249,-76.8868135660887,MD,"University of Maryland College Park, 20740",5977.491216605041,3.5,4,False,Yes,Yes,Yes,Yes,No,,"Street, Private Lot",Yes,Yes,Yes,Yes,Casual,,Quiet,No,No,Free,Yes,No,Yes,Yes,
subway-riverdale-5,Subway,"['sandwiches', 'hotdogs']",38.96106,-76.939293,MD,"University of Maryland College Park, 20740",2795.1528996102993,1.0,1,False,,,,,,,,,,,,,,,,,,,,,,
cuzco-2-hyattsville,Cuzco 2,['restaurants'],38.9833641,-76.9777145,MD,"University of Maryland College Park, 20740",3473.819971074604,3.0,1,False,,,,,,,,,,,Yes,,,,Full Bar,,,,,,,
dominos-pizza-silver-spring-6,Domino's Pizza,"['pizza', 'chicken_wings', 'sandwiches']",39.0219573974609,-76.9765472412109,MD,"University of Maryland College Park, 20740",5230.59137588735,3.0,7,False,No,Yes,Yes,Yes,,,,,,Yes,Yes,Casual,,,,No,,,,No,Yes,
m-c-spirits-and-grill-hyattsville,M.C. Spirits & Grill,"['chicken_wings', 'bars']",38.9510345,-76.8861313,MD,"University of Maryland College Park, 20740",5774.107608924667,3.0,1,False,,No,,,,,,,,No,,,,,,,,Yes,,Yes,,
subway-hyattsville-5,Subway,"['sandwiches', 'hotdogs']",38.9516139775515,-76.9680590182543,MD,"University of Maryland College Park, 20740",4657.188967038203,1.0,1,False,,,Yes,,,,,,,,,,,,,,No,,,,,
sarku-japan-hyattsville,Sarku Japan,"['food_court', 'japanese']",38.9597493132596,-76.9712616383691,MD,"University of Maryland College Park, 20740",4150.02636844158,2.5,2,False,,,Yes,Yes,,,,,,,,Casual,,,,,,,,,,
taco-bell-landover-hills,Taco Bell,"['mexican', 'tex-mex', 'hotdogs']",38.949869,-76.886412,MD,"University of Maryland College Park, 20740",5968.7929494020755,2.5,3,False,No,No,Yes,Yes,,,,,,Yes,Yes,Casual,,,,No,,,,No,,
china-fongs-carryout-hyattsville,China Fong's Carryout,['chinese'],38.9491228759289,-76.8869711458683,MD,"University of Maryland College Park, 20740",5979.700947203983,1.5,7,False,No,Yes,,Yes,,,,Yes,,Yes,Yes,Casual,,Average,No,No,No,No,,No,No,
kfc-hyattsville-4,KFC,"['hotdogs', 'chicken_wings']",38.9562,-76.9661,MD,"University of Maryland College Park, 20740",4156.2768883155395,2.5,5,False,,No,Yes,Yes,,,Private Lot,,,Yes,,,,Loud,No,No,Free,No,,No,Yes,Yes
pike-rotisserie-and-grill-hyattsville,Pike Rotisserie & Grill,"['tradamerican', 'mexican']",38.954044,-76.940643,MD,"University of Maryland College Park, 20740",3579.9745287320357,3.0,4,False,,,,Yes,,,,,,Yes,Yes,,,,Full Bar,,,,,Yes,,
cheese-steak-mikes-prince-georges-county,Cheese Steak Mikes,"['pizza', 'cheesesteaks', 'beer_and_wine']",39.0227211049824,-76.9780939418965,MD,"University of Maryland College Park, 20740",5382.17946182047,5.0,1,False,,,,,,,,,,,,,,,,,,,,,,
manchu-wok-hyattsville,Manchu Wok,['restaurants'],38.9670792,-76.9592438,MD,"University of Maryland College Park, 20740",3431.5529377409616,2.0,1,False,,,,,,,,,,Yes,,,,,,,,,,,No,
mcdonalds-hyattsville-2,McDonald's,"['hotdogs', 'burgers']",38.9669957756996,-76.9593404978514,MD,"University of Maryland College Park, 20740",3431.5529377409616,2.5,3,False,No,,,Yes,,,,,,,No,Casual,,,,,,,,,,
