id,name,categories,latitude,longitude,state,college,distance_from_college,rating,review_count,permanently_closed,TakesReservations,Delivery,Take-out,AcceptsCreditCards,AcceptsBitcoin,GoodFor,Parking,BikeParking,WheelchairAccessible,GoodforKids,GoodforGroups,Attire,Ambience,NoiseLevel,Alcohol,OutdoorSeating,Wi-Fi,HasTV,DogsAllowed,WaiterService,Caters,Drive-Thru,Price
local-foods-houston,Local Foods,"['sandwiches', 'tradamerican']",29.719123,-95.416585,TX,"6100 Main St, Houston, TX 77005",1951.4810713614,4.5,835,False,No,No,Yes,Yes,,Lunch,"Street, Private Lot",Yes,Yes,Yes,Yes,Casual,Casual,Average,Beer & Wine Only,Yes,Free,No,Yes,No,Yes,,2
lucilles-houston,Lucille's,"['newamerican', 'southern']",29.7238808,-95.3851471,TX,"6100 Main St, Houston, TX 77005",1170.5456312637,3.5,193,False,Yes,No,Yes,Yes,,"Brunch, Dinner",Street,Yes,,No,Yes,Casual,Casual,Average,Full Bar,Yes,No,No,,Yes,Yes,,2
pax-americana-houston,Pax Americana,['newamerican'],29.7335654,-95.390868,TX,"6100 Main St, Houston, TX 77005",1591.5832811782,4,133,False,Yes,No,No,Yes,,Dinner,Valet,No,,No,Yes,Dressy,Trendy,Loud,Full Bar,Yes,No,No,,Yes,No,,3
the-raven-grill-houston,The Raven Grill,['newamerican'],29.725893,-95.406494,TX,"6100 Main St, Houston, TX 77005",1169.0531545127,3.5,225,False,Yes,No,Yes,Yes,,Dinner,Private Lot,No,Yes,Yes,Yes,Casual,Casual,Average,Full Bar,Yes,No,No,,Yes,Yes,,2
m-and-m-grill-houston,M&M Grill,"['mediterranean', 'mexican', 'burgers']",29.701254,-95.38559,TX,"6100 Main St, Houston, TX 77005",2339.8947471046,4.5,236,False,Yes,No,Yes,Yes,,Lunch,Private Lot,No,,Yes,Yes,Casual,Casual,Average,No,No,Free,Yes,No,No,No,No,1
dak-and-bop-houston,Dak & Bop,"['chicken_wings', 'korean']",29.721726,-95.382427,TX,"6100 Main St, Houston, TX 77005",1362.3052959138,4,186,False,No,No,Yes,Yes,No,Dinner,"Garage, Street",Yes,Yes,Yes,Yes,Casual,Hipster,Average,Full Bar,No,No,Yes,,Yes,No,,2
revelry-on-richmond-houston,Revelry on Richmond,"['gastropubs', 'sportsbars', 'beergardens']",29.734076,-95.399994,TX,"6100 Main St, Houston, TX 77005",1593.8821596645,4,93,False,No,No,Yes,Yes,,Lunch,Valet,Yes,,No,Yes,Casual,Casual,Average,Full Bar,Yes,Free,Yes,,Yes,No,,2
bodegas-taco-shop-houston,Bodegas Taco Shop,"['mexican', 'bars', 'tex-mex']",29.7235673259,-95.3873677104,TX,"6100 Main St, Houston, TX 77005",954.9585003328,3.5,242,False,Yes,Yes,Yes,Yes,,Lunch,"Garage, Street",Yes,Yes,Yes,Yes,Casual,Casual,Average,Full Bar,Yes,Free,Yes,,No,Yes,,1
benjys-houston-3,benjy's,"['lounges', 'newamerican']",29.719421,-95.416392,TX,"6100 Main St, Houston, TX 77005",1931.319461286,4,623,False,Yes,No,Yes,Yes,,Brunch,Private Lot,Yes,Yes,No,Yes,Casual,Trendy,Average,Full Bar,Yes,No,No,,Yes,No,,2
ambrosia-houston,Ambrosia,"['tapasmallplates', 'pizza', 'asianfusion']",29.73196,-95.409874,TX,"6100 Main St, Houston, TX 77005",1853.3124598062,4,362,False,Yes,No,Yes,Yes,,Dinner,"Valet, Street, Private Lot",No,,No,Yes,Dressy,Trendy,Average,Full Bar,Yes,Free,No,No,Yes,Yes,,2
bowl-café-houston-2,Bowl Café,"['sandwiches', 'vegetarian', 'salad']",29.734156,-95.387535,TX,"6100 Main St, Houston, TX 77005",1806.8538477623,4,358,False,No,No,Yes,Yes,,Lunch,Private Lot,Yes,Yes,Yes,Yes,Casual,Casual,Average,No,Yes,Free,Yes,,No,Yes,,1
torchys-tacos-houston-2,Torchy's Tacos,"['mexican', 'breakfast_brunch', 'tex-mex']",29.716904,-95.415489,TX,"6100 Main St, Houston, TX 77005",1885.833148616,4,365,False,No,No,Yes,Yes,,Lunch,"Street, Private Lot",Yes,,Yes,Yes,Casual,Casual,Loud,Beer & Wine Only,Yes,No,Yes,No,No,Yes,,1
woodbar-houston,Woodbar,"['coffee', 'tapas']",29.7374496,-95.3906937,TX,"6100 Main St, Houston, TX 77005",1990.6272670629,4,24,False,No,No,No,Yes,,,,Yes,,No,Yes,Casual,,Average,Full Bar,Yes,Free,Yes,,No,,,2
gusto-gourmet-houston,Gusto Gourmet,"['venezuelan', 'mediterranean']",29.7362906,-95.4108062,TX,"6100 Main St, Houston, TX 77005",2276.0788053963,4.5,67,False,Yes,Yes,Yes,Yes,,Brunch,Private Lot,Yes,Yes,Yes,Yes,Casual,Casual,Average,No,No,Free,Yes,No,Yes,Yes,,2
tacos-tierra-caliente-houston,Tacos Tierra Caliente,"['mexican', 'foodtrucks']",29.7382908,-95.4078293,TX,"6100 Main St, Houston, TX 77005",2306.0217875095,4.5,362,False,No,No,Yes,No,,Lunch,Street,Yes,Yes,Yes,Yes,Casual,Casual,Average,No,No,No,No,,No,No,,1
papa-mio-italian-cafe-houston,Papa Mio Italian Cafe,['italian'],29.7319508,-95.4098663,TX,"6100 Main St, Houston, TX 77005",1847.9197865082,4,138,False,Yes,No,Yes,Yes,,Dinner,"Street, Private Lot",No,,Yes,Yes,Casual,Casual,Quiet,Beer & Wine Only,No,Free,Yes,No,Yes,Yes,,1
istanbul-grill-houston,Istanbul Grill,"['turkish', 'mideastern', 'mediterranean']",29.715662,-95.414642,TX,"6100 Main St, Houston, TX 77005",1829.4636125947,4,274,False,No,No,Yes,Yes,,"Lunch, Dinner","Street, Private Lot",Yes,Yes,Yes,Yes,Casual,Casual,Average,Beer & Wine Only,Yes,No,Yes,No,Yes,Yes,,2
weights-measures-houston-2,Weights + Measures,"['bakeries', 'gastropubs', 'tradamerican']",29.742636,-95.372765,TX,"6100 Main St, Houston, TX 77005",3391.0802110719,3.5,144,False,No,No,Yes,Yes,,Brunch,"Street, Private Lot",Yes,Yes,No,Yes,Casual,Trendy,Average,Full Bar,Yes,Free,Yes,,Yes,No,,2
oh-my-gogi-truck-houston,Oh My Gogi! Truck,"['korean', 'asianfusion', 'foodtrucks']",29.71628,-95.41465,TX,"6100 Main St, Houston, TX 77005",1812.7373017185,4,291,False,No,No,Yes,Yes,,Late Night,Street,Yes,Yes,Yes,Yes,Casual,Casual,Average,No,No,No,No,Yes,No,No,,1
yo-yos-hot-dogs-houston,Yo Yo's Hot Dogs,"['foodtrucks', 'hotdog']",29.715869,-95.414643,TX,"6100 Main St, Houston, TX 77005",1822.3561481087,5,34,False,No,No,Yes,Yes,,,Garage,Yes,,Yes,Yes,Casual,,Average,No,No,No,No,,No,No,,1
bcn-taste-and-tradition-houston,BCN Taste & Tradition,"['catalan', 'spanish']",29.7349309,-95.390075,TX,"6100 Main St, Houston, TX 77005",1760.4473561912,4,52,False,Yes,No,No,Yes,,Dinner,Valet,No,,No,Yes,Dressy,Intimate,Average,Full Bar,No,No,No,,Yes,Yes,,3
number-1-chicken-rice-and-seafood-houston,Number 1 Chicken Rice & Seafood,"['chinese', 'burgers', 'chicken_wings']",29.7279606,-95.3767319,TX,"6100 Main St, Houston, TX 77005",2091.3051505266,4,64,False,No,No,Yes,No,,Lunch,Private Lot,Yes,Yes,No,No,Casual,Divey,Average,No,No,No,No,,No,No,No,1
gyro-king-houston,Gyro King,"['foodtrucks', 'juicebars', 'halal']",29.69833,-95.387672,TX,"6100 Main St, Houston, TX 77005",2552.1177604241,4,80,False,No,Yes,Yes,Yes,,"Lunch, Dinner, Late Night",Private Lot,Yes,,Yes,Yes,Casual,Casual,Average,No,Yes,No,No,,No,No,,1
antica-osteria-houston,Antica Osteria,['italian'],29.725282,-95.413276,TX,"6100 Main St, Houston, TX 77005",1731.0810072387,4,150,False,Yes,No,Yes,Yes,,Dinner,Valet,No,Yes,No,Yes,Dressy,"Intimate, Romantic",Average,Full Bar,Yes,No,No,,Yes,Yes,,3
luna-pizzeria-houston,Luna Pizzeria,"['pizza', 'salad', 'sandwiches']",29.7350980889,-95.4177527502,TX,"6100 Main St, Houston, TX 77005",2652.4344760023,4.5,321,False,No,No,Yes,Yes,,Lunch,Private Lot,No,,Yes,Yes,Casual,Casual,Average,Beer & Wine Only,No,Free,No,,No,Yes,,1
black-hole-coffee-house-houston,Black Hole Coffee House,"['tradamerican', 'coffee', 'breakfast_brunch']",29.732502,-95.394977,TX,"6100 Main St, Houston, TX 77005",1387.6624181723,4,376,False,No,No,Yes,Yes,,"Breakfast, Dessert",Private Lot,Yes,Yes,No,Yes,Casual,Hipster,Average,Beer & Wine Only,Yes,Free,No,,No,No,,1
davis-st-at-hermann-park-houston-5,Davis St at Hermann Park,['newamerican'],29.714931,-95.38083,TX,"6100 Main St, Houston, TX 77005",1609.736832784,3.5,42,False,Yes,Yes,Yes,Yes,No,"Brunch, Dinner, Dessert","Valet, Street, Private Lot",Yes,Yes,No,Yes,Dressy,Classy,Average,Full Bar,Yes,Free,Yes,,Yes,Yes,,2
eatsie-boys-cafe-houston-2,Eatsie Boys Cafe,"['sandwiches', 'cafes']",29.7355003,-95.3915405,TX,"6100 Main St, Houston, TX 77005",1802.2693528948,3.5,173,False,No,No,Yes,Yes,,Lunch,"Garage, Street, Private Lot, Validated",Yes,Yes,Yes,Yes,Casual,Hipster,Average,No,Yes,Free,No,Yes,No,Yes,,2
café-rabelais-houston-2,Café Rabelais,"['french', 'brasseries']",29.7167892,-95.4158401,TX,"6100 Main St, Houston, TX 77005",1895.6070822484,4,190,False,No,No,Yes,Yes,,Dinner,Street,Yes,Yes,No,No,Casual,Romantic,Average,Beer & Wine Only,Yes,No,No,,Yes,No,,2
the-ginger-man-houston,The Ginger Man,"['beergardens', 'gastropubs']",29.715869,-95.414642,TX,"6100 Main St, Houston, TX 77005",1822.3561481087,4,262,False,No,No,No,Yes,,Late Night,Street,Yes,No,No,Yes,Casual,Casual,Average,Beer & Wine Only,Yes,Free,Yes,,Yes,No,,2
coppa-osteria-houston,Coppa Osteria,['italian'],29.7189381,-95.4149874,TX,"6100 Main St, Houston, TX 77005",1798.7961935897,3.5,164,False,Yes,No,Yes,Yes,,Dinner,"Valet, Street",Yes,,Yes,Yes,Casual,Trendy,Average,Full Bar,Yes,No,No,,Yes,Yes,,2
the-breakfast-klub-houston-2,the breakfast klub,"['breakfast_brunch', 'southern']",29.7387638,-95.3804092,TX,"6100 Main St, Houston, TX 77005",2560.825043051,4,1674,False,No,No,Yes,Yes,,Breakfast,"Street, Private Lot",Yes,Yes,Yes,Yes,Casual,Casual,Average,No,No,Free,Yes,,No,Yes,,2
reggae-hut-houston,Reggae Hut,['caribbean'],29.7264271,-95.3776398,TX,"6100 Main St, Houston, TX 77005",1941.3048719308,4,174,False,No,No,Yes,Yes,,Lunch,Street,Yes,Yes,Yes,Yes,Casual,Casual,Average,No,Yes,No,Yes,,No,Yes,,2
pauls-kitchen-houston,Paul's Kitchen,['newamerican'],29.732239,-95.417705,TX,"6100 Main St, Houston, TX 77005",2460.9197797017,4,85,False,Yes,No,Yes,Yes,No,Dessert,Valet,Yes,Yes,No,Yes,Casual,Casual,Average,Full Bar,Yes,Free,Yes,Yes,Yes,Yes,,3
the-lexington-grille-houston,The Lexington Grille,['tradamerican'],29.731447,-95.409851,TX,"6100 Main St, Houston, TX 77005",1811.7365920547,4,43,False,Yes,No,No,Yes,,Dinner,Valet,No,Yes,No,Yes,Dressy,Intimate,Quiet,Full Bar,Yes,,Yes,,Yes,Yes,,3
pasha-houston-3,Pasha,"['turkish', 'mediterranean']",29.714825,-95.413864,TX,"6100 Main St, Houston, TX 77005",1784.4172279852,4,133,False,Yes,No,Yes,Yes,,"Lunch, Dinner",Private Lot,Yes,Yes,Yes,Yes,Casual,Intimate,Quiet,Beer & Wine Only,No,No,No,,Yes,Yes,,2
pinewood-café-houston-2,Pinewood Café,"['cafes', 'salad', 'burgers']",29.7168636,-95.3873062,TX,"6100 Main St, Houston, TX 77005",698.9513320953,3.5,76,False,No,No,Yes,Yes,,Lunch,Street,Yes,Yes,Yes,Yes,Casual,Casual,Average,Beer & Wine Only,Yes,Free,No,Yes,No,Yes,No,1
woosters-garden-houston,Wooster's Garden,"['cocktailbars', 'beergardens', 'gastropubs']",29.741382,-95.379343,TX,"6100 Main St, Houston, TX 77005",2884.9828886962,4.5,51,False,No,No,No,Yes,,Late Night,Private Lot,Yes,,No,Yes,Casual,,Average,Full Bar,Yes,No,Yes,No,No,No,,2
roost-houston,Roost,['newamerican'],29.7447551787,-95.4073581845,TX,"6100 Main St, Houston, TX 77005",2935.9577172571,4,262,False,No,No,No,Yes,,Dinner,Street,Yes,,No,No,Casual,Casual,Average,Beer & Wine Only,Yes,No,No,,Yes,No,,2
nippon-japanese-restaurant-houston,Nippon Japanese Restaurant,"['sushi', 'ramen']",29.7326908,-95.3914719,TX,"6100 Main St, Houston, TX 77005",1483.6053647066,3.5,435,False,Yes,No,Yes,Yes,,"Lunch, Dinner",Private Lot,Yes,Yes,Yes,Yes,Casual,Casual,Average,Beer & Wine Only,Yes,No,No,,Yes,No,,2
eatsie-boys-houston-3,Eatsie Boys,"['sandwiches', 'foodtrucks']",29.7355003,-95.3915405,TX,"6100 Main St, Houston, TX 77005",1777.6880325975,4,69,False,No,No,Yes,Yes,,Lunch,Street,Yes,Yes,Yes,No,Casual,Casual,Average,No,Yes,No,No,,No,Yes,,1
fellini-caffè-houston,Fellini Caffè,"['italian', 'coffee']",29.718862474,-95.4166339338,TX,"6100 Main St, Houston, TX 77005",1962.9180358345,4,141,False,No,No,Yes,Yes,,"Breakfast, Brunch",Street,Yes,,Yes,Yes,Casual,Trendy,Average,Beer & Wine Only,Yes,Free,No,,Yes,No,,1
luigis-pizzeria-houston,Luigi's Pizzeria,"['pizza', 'italian', 'icecream']",29.735367,-95.374622,TX,"6100 Main St, Houston, TX 77005",2704.228948417,4,578,False,No,Yes,Yes,Yes,,"Lunch, Dinner",Private Lot,Yes,Yes,Yes,Yes,Casual,Casual,Average,No,Yes,No,Yes,,No,Yes,,1
fat-bao-houston,Fat Bao,"['asianfusion', 'ramen']",29.734695747,-95.4181373119,TX,"6100 Main St, Houston, TX 77005",2653.7721015646,4,589,False,No,No,Yes,Yes,,Lunch,Private Lot,No,,Yes,Yes,Casual,Casual,Average,Beer & Wine Only,No,Free,Yes,,No,Yes,,1
sweet-paris-crêperie-and-cafe-houston,Sweet Paris Crêperie & Cafe,"['french', 'desserts', 'creperies']",29.717702,-95.415878,TX,"6100 Main St, Houston, TX 77005",1901.0634377885,4,414,False,No,Yes,Yes,Yes,No,Lunch,Street,Yes,Yes,Yes,Yes,Casual,Casual,Average,Beer & Wine Only,Yes,No,No,Yes,No,Yes,,2
lowbrow-bar-and-grill-houston,Lowbrow Bar & Grill,"['bars', 'breakfast_brunch']",29.735811,-95.399492,TX,"6100 Main St, Houston, TX 77005",1773.9073702061,3.5,253,False,Yes,No,Yes,Yes,No,Brunch,"Street, Private Lot",Yes,Yes,No,Yes,Casual,Hipster,Average,Full Bar,Yes,Free,Yes,No,Yes,Yes,,2
hungrys-cafe-and-bistro-houston-9,Hungry's Cafe & Bistro,"['newamerican', 'breakfast_brunch']",29.717826,-95.413673,TX,"6100 Main St, Houston, TX 77005",1681.4292680492,3.5,252,False,Yes,Yes,Yes,Yes,,Lunch,"Valet, Street, Private Lot",Yes,Yes,Yes,Yes,Casual,Casual,Average,Full Bar,Yes,No,Yes,,Yes,Yes,,2
little-bigs-houston-6,Little Bigs,"['hotdog', 'burgers']",29.7306984701,-95.3909353975,TX,"6100 Main St, Houston, TX 77005",1293.1021217304,4,32,False,No,No,Yes,Yes,,Lunch,Street,Yes,,Yes,Yes,Casual,Casual,Average,Beer & Wine Only,Yes,Free,Yes,,No,Yes,No,1
lunch-box-etc-houston,Lunch Box Etc,"['burgers', 'chicken_wings']",29.7098338,-95.4011129,TX,"6100 Main St, Houston, TX 77005",1227.071899186,4.5,6,False,No,No,Yes,Yes,No,,,No,Yes,Yes,No,Casual,,Very Loud,No,No,,Yes,,No,,No,1
paulies-houston,Paulie's,"['sandwiches', 'italian', 'coffee']",29.7428741,-95.4064255,TX,"6100 Main St, Houston, TX 77005",2703.3444631371,4,312,False,No,No,Yes,Yes,,Lunch,"Street, Private Lot",Yes,Yes,Yes,Yes,Casual,Casual,Average,Beer & Wine Only,Yes,Free,No,,No,Yes,,2
tacos-a-go-go-houston,Tacos A Go-Go,"['mexican', 'tex-mex']",29.7383881,-95.3798752,TX,"6100 Main St, Houston, TX 77005",2590.6548275144,4,404,False,No,No,Yes,Yes,,"Breakfast, Lunch","Street, Private Lot",Yes,Yes,Yes,Yes,Casual,Casual,Average,Beer & Wine Only,Yes,Free,No,No,No,Yes,,1
brick-and-spoon-houston,Brick & Spoon,"['breakfast_brunch', 'southern', 'cajun']",29.73903,-95.39525,TX,"6100 Main St, Houston, TX 77005",2109.615331851,3,236,False,No,No,Yes,Yes,,Brunch,Private Lot,Yes,,Yes,Yes,Casual,Casual,Average,Full Bar,Yes,Free,Yes,,Yes,Yes,,2
flip-n-patties-houston,Flip 'n Patties,"['burgers', 'foodtrucks']",29.7252268425,-95.4201289939,TX,"6100 Main St, Houston, TX 77005",2361.009661806,4.5,99,False,No,No,Yes,Yes,,Dinner,Street,Yes,,Yes,Yes,Casual,,Average,No,No,No,Yes,Yes,No,Yes,No,1
mias-houston,Mia's,"['tradamerican', 'bbq', 'burgers']",29.7372283936,-95.4173278809,TX,"6100 Main St, Houston, TX 77005",2777.5726058144,4,187,False,No,No,Yes,Yes,,Lunch,"Garage, Private Lot",Yes,Yes,Yes,Yes,Casual,Casual,Average,Beer & Wine Only,Yes,Free,Yes,Yes,No,Yes,No,2
ruggles-café-bakery-houston-2,Ruggles Café Bakery,"['tradamerican', 'bakeries', 'desserts']",29.717175,-95.414287,TX,"6100 Main St, Houston, TX 77005",1756.6984908686,3.5,386,False,No,Yes,Yes,Yes,,Dessert,"Street, Private Lot",Yes,Yes,Yes,Yes,Casual,Casual,Average,No,Yes,No,No,,No,Yes,,2
common-bond-cafe-and-bakery-houston,Common Bond Cafe & Bakery,"['cafes', 'bakeries', 'breakfast_brunch']",29.7428969,-95.4023708,TX,"6100 Main St, Houston, TX 77005",2601.173284515,4,498,False,No,No,No,Yes,,"Breakfast, Brunch","Street, Private Lot",Yes,,Yes,Yes,Casual,Hipster,Average,Beer & Wine Only,Yes,No,No,No,No,No,,2
maine-ly-sandwiches-houston-3,Maine-ly Sandwiches,['sandwiches'],29.7360819,-95.4107993,TX,"6100 Main St, Houston, TX 77005",2257.3406940051,4,276,False,No,No,Yes,Yes,,Lunch,Private Lot,Yes,,Yes,Yes,Casual,Casual,Average,Beer & Wine Only,No,No,Yes,,No,Yes,,2
hobbit-cafe-houston,Hobbit Cafe,"['breakfast_brunch', 'gastropubs', 'vegetarian']",29.7340164,-95.4138794,TX,"6100 Main St, Houston, TX 77005",2348.4852221551,3.5,537,False,No,No,Yes,Yes,,Lunch,Private Lot,Yes,Yes,Yes,Yes,Casual,Casual,Average,Beer & Wine Only,Yes,No,No,,Yes,No,,2
punks-simple-southern-food-houston,Punk's Simple Southern Food,"['southern', 'breakfast_brunch']",29.7189149,-95.4149869,TX,"6100 Main St, Houston, TX 77005",1798.9328819533,3,184,False,Yes,No,Yes,Yes,,Lunch,Valet,Yes,,Yes,Yes,Casual,Casual,Average,Full Bar,Yes,No,Yes,,Yes,Yes,,2
empire-cafe-houston,Empire Cafe,"['coffee', 'breakfast_brunch', 'newamerican']",29.742905,-95.403542,TX,"6100 Main St, Houston, TX 77005",2629.3919009012,4,1012,False,No,No,Yes,Yes,,Brunch,"Street, Private Lot",Yes,Yes,Yes,Yes,Casual,Casual,Average,Full Bar,Yes,Free,No,Yes,No,No,,2
dosi-houston-2,Dosi,"['korean', 'asianfusion']",29.7404388,-95.4110351,TX,"6100 Main St, Houston, TX 77005",2667.8798556937,4,141,False,Yes,No,Yes,Yes,No,"Dinner, Late Night",Valet,No,Yes,No,Yes,Casual,Casual,Average,Full Bar,Yes,No,No,No,Yes,No,,2
brooklyn-athletic-club-houston,Brooklyn Athletic Club,['newamerican'],29.734275,-95.387145,TX,"6100 Main St, Houston, TX 77005",1809.9518690096,3.5,174,False,Yes,No,Yes,Yes,,Dinner,"Valet, Street",No,,No,Yes,Casual,Trendy,Average,Full Bar,Yes,No,Yes,,Yes,No,,2
black-walnut-café-houston-7,Black Walnut Café,"['newamerican', 'breakfast_brunch', 'cafes']",29.7162647,-95.4150543,TX,"6100 Main St, Houston, TX 77005",1879.3189505411,3.5,278,False,No,No,Yes,Yes,,Lunch,"Garage, Street, Validated",Yes,Yes,Yes,Yes,Casual,Casual,Average,Full Bar,Yes,Free,Yes,No,No,Yes,,2
star-pizza-houston,Star Pizza,"['pizza', 'salad', 'italian']",29.7322903,-95.4110336,TX,"6100 Main St, Houston, TX 77005",1956.2762939383,4,439,False,No,Yes,Yes,Yes,,"Lunch, Dinner","Street, Private Lot",Yes,Yes,Yes,Yes,Casual,Casual,Average,Beer & Wine Only,Yes,Free,Yes,,Yes,Yes,,2
luna-y-sol-mexican-grill-houston,Luna Y Sol Mexican Grill,['mexican'],29.7451191,-95.3774719,TX,"6100 Main St, Houston, TX 77005",3325.0641794096,4.5,112,False,No,Yes,Yes,Yes,No,Brunch,"Garage, Private Lot",Yes,Yes,Yes,Yes,Casual,Casual,Average,No,Yes,Free,Yes,,No,Yes,,1
the-oaks-restaurant-houston,The Oaks Restaurant,"['tradamerican', 'gluten_free']",29.7057304,-95.3957138,TX,"6100 Main St, Houston, TX 77005",1596.5354458937,4,15,False,No,No,Yes,Yes,,,Garage,No,,Yes,Yes,Casual,Casual,Average,Full Bar,No,Free,Yes,,Yes,No,,2
uchi-houston,Uchi,"['sushi', 'japanese']",29.7449303,-95.3908997,TX,"6100 Main St, Houston, TX 77005",2806.8834813085,4.5,884,False,Yes,No,No,Yes,,Dinner,Valet,Yes,,No,Yes,Dressy,Trendy,Average,Full Bar,No,No,No,,Yes,No,,4
vinoteca-poscol-houston-2,Vinoteca Poscol,"['italian', 'wine_bars']",29.7426453,-95.3997116,TX,"6100 Main St, Houston, TX 77005",2512.0193760007,4,228,False,Yes,No,Yes,Yes,,Dinner,Private Lot,Yes,Yes,No,Yes,Casual,Intimate,Average,Beer & Wine Only,No,No,No,,Yes,No,,2
ruggles-black-houston,Ruggles Black,"['newamerican', 'french', 'asianfusion']",29.7313269,-95.4186473,TX,"6100 Main St, Houston, TX 77005",2484.9234475573,3.5,159,False,Yes,No,Yes,Yes,,Dinner,Private Lot,Yes,,No,Yes,Dressy,Trendy,Average,Full Bar,Yes,No,Yes,,Yes,Yes,,3
picnic-houston,Picnic,['tradamerican'],29.7256578505,-95.4063161463,TX,"6100 Main St, Houston, TX 77005",1106.6294598521,3.5,47,False,No,No,Yes,Yes,,Lunch,Private Lot,No,Yes,Yes,Yes,Casual,Casual,Average,No,Yes,,No,,No,,,1
local-foods-houston-2,Local Foods,"['sandwiches', 'gluten_free', 'tradamerican']",29.7425611,-95.4181027,TX,"6100 Main St, Houston, TX 77005",3261.1268465453,4.5,259,False,No,No,Yes,Yes,,Brunch,Private Lot,Yes,,Yes,Yes,Casual,Hipster,Average,Full Bar,Yes,No,No,,No,Yes,,2
zoës-kitchen-houston-12,Zoës Kitchen,"['mediterranean', 'greek', 'newamerican']",29.7189355,-95.4166924,TX,"6100 Main St, Houston, TX 77005",1963.0853472736,4,33,False,No,No,Yes,Yes,,Lunch,Street,Yes,,Yes,Yes,Casual,Casual,Average,Beer & Wine Only,Yes,Free,No,,No,No,,2
goode-company-seafood-houston-3,Goode Company Seafood,['seafood'],29.7285128246,-95.4203385626,TX,"6100 Main St, Houston, TX 77005",2493.7293334872,4,217,False,No,Yes,Yes,Yes,,Dinner,Private Lot,Yes,Yes,Yes,Yes,Casual,Casual,Average,Full Bar,No,No,Yes,,Yes,Yes,,2
55-bar-and-restaurant-houston,55 Bar & Restaurant,"['bars', 'newamerican']",29.7162647,-95.4150543,TX,"6100 Main St, Houston, TX 77005",1879.3189505411,3.5,91,False,Yes,No,Yes,Yes,,Late Night,"Garage, Street, Validated",Yes,Yes,No,Yes,Casual,Casual,Average,Full Bar,Yes,Free,Yes,,Yes,No,,2
koagie-hots-houston,Koagie Hots,"['cheesesteaks', 'foodstands', 'hotdog']",29.742861,-95.39693,TX,"6100 Main St, Houston, TX 77005",2533.1455875621,4,97,False,No,No,Yes,Yes,,Late Night,Street,No,Yes,Yes,Yes,Casual,Casual,Average,No,Yes,No,No,Yes,No,Yes,,1
aladdin-mediterranean-cuisine-houston,Aladdin Mediterranean Cuisine,"['greek', 'mediterranean']",29.745032,-95.391123,TX,"6100 Main St, Houston, TX 77005",2820.5762914852,4.5,455,False,No,No,Yes,Yes,,"Lunch, Dinner",Private Lot,Yes,Yes,Yes,Yes,Casual,Casual,Average,No,Yes,No,No,,No,Yes,,2
canopy-houston,Canopy,['newamerican'],29.737216,-95.390813,TX,"6100 Main St, Houston, TX 77005",1980.050971997,3.5,272,False,Yes,No,Yes,Yes,,Brunch,"Valet, Street, Private Lot",Yes,Yes,Yes,Yes,Casual,Trendy,Average,Full Bar,Yes,Free,No,,Yes,Yes,,2
secos-latin-cuisine-houston,Seco's Latin Cuisine,['latin'],29.7225055695,-95.4181594849,TX,"6100 Main St, Houston, TX 77005",2118.2056139849,4,101,False,Yes,No,Yes,Yes,,Brunch,"Street, Private Lot",Yes,Yes,Yes,Yes,Casual,Casual,Average,Full Bar,Yes,No,Yes,,Yes,Yes,,2
docs-motorworks-bar-and-grill-houston,Doc's Motorworks Bar & Grill,"['bars', 'tradamerican', 'burgers']",29.7434601,-95.3950842,TX,"6100 Main St, Houston, TX 77005",2602.3959877295,4,69,False,No,No,Yes,Yes,,Brunch,"Street, Private Lot",Yes,,No,Yes,Casual,Hipster,Average,Full Bar,Yes,Free,Yes,,Yes,No,No,2
brasserie-max-and-julie-houston,Brasserie Max & Julie,"['french', 'brasseries']",29.7339787334,-95.3910899162,TX,"6100 Main St, Houston, TX 77005",1628.4701346988,3.5,197,False,Yes,No,No,Yes,,"Brunch, Dinner",Valet,No,Yes,No,Yes,Casual,"Intimate, Romantic",Average,Beer & Wine Only,Yes,No,No,,Yes,Yes,,3
rosinka-wine-and-tea-house-houston,Rosinka Wine & Tea House,"['coffee', 'wine_bars', 'breakfast_brunch']",29.7173731774,-95.4169417173,TX,"6100 Main St, Houston, TX 77005",2021.421730029,4.5,14,False,No,No,Yes,Yes,,,Street,Yes,,No,Yes,Casual,,Quiet,Beer & Wine Only,Yes,Free,No,,,,,1
cliffs-grill-houston-2,Cliff's Grill,['burgers'],29.7101064026,-95.4019381106,TX,"6100 Main St, Houston, TX 77005",1219.5950101644,3.5,38,False,No,Yes,Yes,Yes,,Lunch,Garage,Yes,Yes,Yes,Yes,Casual,Casual,Average,No,Yes,Free,Yes,,No,Yes,No,1
under-the-volcano-houston,Under the Volcano,"['divebars', 'tradamerican']",29.725271,-95.414696,TX,"6100 Main St, Houston, TX 77005",1857.9863691675,3.5,185,False,No,No,No,Yes,,Late Night,Private Lot,Yes,Yes,No,Yes,Casual,Casual,Loud,Full Bar,Yes,No,Yes,,Yes,No,,2
torchys-tacos-houston,Torchy's Tacos,"['tex-mex', 'mexican', 'breakfast_brunch']",29.7439741087,-95.4106315819,TX,"6100 Main St, Houston, TX 77005",2990.476704301,4,821,False,No,No,Yes,Yes,,Lunch,Private Lot,Yes,,Yes,Yes,Casual,Casual,Average,Beer & Wine Only,Yes,No,Yes,,No,No,,1
brasil-houston,Brasil,"['coffee', 'sandwiches', 'pizza']",29.742559,-95.402259,TX,"6100 Main St, Houston, TX 77005",2562.2100204993,3.5,643,False,No,No,Yes,Yes,,Lunch,Street,Yes,Yes,Yes,Yes,Casual,Hipster,Average,Beer & Wine Only,Yes,Free,No,,No,No,,2
chipotle-mexican-grill-houston-17,Chipotle Mexican Grill,"['mexican', 'hotdogs']",29.7096544504,-95.4010536522,TX,"6100 Main St, Houston, TX 77005",1241.2801910534,4,48,False,No,No,Yes,Yes,,Lunch,"Garage, Street",No,Yes,Yes,Yes,Casual,Casual,Average,Beer & Wine Only,Yes,Free,No,,No,Yes,No,1
dantons-gulf-coast-seafood-kitchen-houston,Danton's Gulf Coast Seafood Kitchen,"['cajun', 'seafood']",29.7312107,-95.390152,TX,"6100 Main St, Houston, TX 77005",1363.2425612921,3.5,186,False,Yes,No,Yes,Yes,,Dinner,Private Lot,Yes,Yes,No,Yes,Casual,Classy,Quiet,Full Bar,Yes,Free,Yes,,Yes,No,,2
monster-pbj-houston,Monster PBJ,"['sandwiches', 'foodtrucks']",29.72682,-95.3911972,TX,"6100 Main St, Houston, TX 77005",854.0013412148,3.5,73,False,No,No,Yes,Yes,,Lunch,Street,Yes,,Yes,Yes,Casual,Casual,Average,No,No,No,No,,No,Yes,,1
prego-houston,Prego,"['italian', 'breakfast_brunch', 'pizza']",29.7160143601,-95.4175163137,TX,"6100 Main St, Houston, TX 77005",2088.1506499856,4,135,False,Yes,No,Yes,Yes,,Dinner,"Street, Private Lot",Yes,Yes,No,Yes,Casual,Romantic,Average,Full Bar,No,No,No,,Yes,Yes,,2
natachees-supper-n-punch-houston,Natachee's Supper 'n Punch,['tradamerican'],29.738781,-95.3795624,TX,"6100 Main St, Houston, TX 77005",2640.3055694034,3.5,291,False,No,No,Yes,Yes,,Lunch,Street,Yes,Yes,Yes,Yes,Casual,Casual,Average,Full Bar,Yes,Free,Yes,Yes,Yes,No,,2
goodes-armadillo-palace-houston,Goode's Armadillo Palace,"['bars', 'musicvenues', 'tradamerican']",29.7272756,-95.4183166,TX,"6100 Main St, Houston, TX 77005",2261.7503194879,4,83,False,No,No,Yes,Yes,,Lunch,"Street, Private Lot",Yes,Yes,No,Yes,Casual,Casual,Average,Full Bar,Yes,No,Yes,,Yes,Yes,,2
oporto-fooding-house-and-wine-houston,Oporto Fooding House & Wine,['portuguese'],29.7531619261,-95.3798356196,TX,"6100 Main St, Houston, TX 77005",4010.9992189031,4.5,56,False,Yes,No,Yes,Yes,No,Dinner,"Valet, Garage, Street",Yes,Yes,No,Yes,Dressy,Intimate,Average,Full Bar,Yes,Free,Yes,,Yes,Yes,,2
niko-nikos-greek-and-american-cafe-houston,Niko Niko's Greek & American Cafe,"['greek', 'mediterranean']",29.7465096,-95.3921814,TX,"6100 Main St, Houston, TX 77005",2962.9218008497,4,1471,False,No,No,Yes,Yes,,Lunch,Private Lot,Yes,Yes,Yes,Yes,Casual,Casual,Average,Beer & Wine Only,Yes,Free,Yes,,No,Yes,,2
hugos-houston,Hugo's,"['mexican', 'breakfast_brunch']",29.7431698,-95.3997726,TX,"6100 Main St, Houston, TX 77005",2561.3561700862,4,586,False,Yes,No,Yes,Yes,,Dinner,Valet,No,Yes,No,Yes,Casual,Classy,Average,Full Bar,Yes,No,No,,Yes,Yes,,3
houstons-restaurant-houston-3,Houston's Restaurant,"['tradamerican', 'newamerican', 'steak']",29.7289391,-95.4194489,TX,"6100 Main St, Houston, TX 77005",2397.4425548541,4,234,False,Yes,No,Yes,Yes,,Dinner,Private Lot,No,Yes,No,Yes,Casual,Classy,Average,Full Bar,No,No,Yes,No,Yes,No,,2
croissant-brioche-houston,Croissant-Brioche,"['bakeries', 'french', 'coffee']",29.717226,-95.416122,TX,"6100 Main St, Houston, TX 77005",1929.9020047644,3.5,189,False,No,No,Yes,Yes,,"Breakfast, Brunch",Street,Yes,Yes,Yes,No,Casual,Casual,Average,No,Yes,No,No,,No,No,,1
doshi-house-café-houston-2,Doshi House Café,"['coffee', 'vegetarian', 'vegan']",29.7325907288,-95.3662673807,TX,"6100 Main St, Houston, TX 77005",3225.5295940624,4.5,140,False,No,No,Yes,Yes,,Lunch,"Street, Private Lot",Yes,,Yes,Yes,Casual,Casual,Average,No,Yes,Free,No,,No,No,,1
la-tapatia-taqueria-houston-2,La Tapatia Taqueria,['mexican'],29.7341099,-95.4035568,TX,"6100 Main St, Houston, TX 77005",1717.2212110854,3.5,201,False,No,No,Yes,Yes,,"Dinner, Late Night",Private Lot,No,Yes,Yes,Yes,Casual,Casual,Average,Full Bar,Yes,No,Yes,,Yes,No,,1
queen-vic-pub-and-kitchen-houston,Queen Vic Pub & Kitchen,"['pubs', 'tea', 'british']",29.734358,-95.420486,TX,"6100 Main St, Houston, TX 77005",2814.9935112734,4,328,False,Yes,No,Yes,Yes,,Dinner,Valet,No,Yes,No,Yes,Casual,Casual,Loud,Full Bar,Yes,No,Yes,,Yes,Yes,,2
goode-company-barbeque-houston,Goode Company Barbeque,"['bbq', 'gluten_free']",29.7270351632,-95.4184110074,TX,"6100 Main St, Houston, TX 77005",2261.0045566765,3.5,869,False,No,No,Yes,Yes,,Lunch,Private Lot,Yes,Yes,Yes,Yes,Casual,Casual,Average,Beer & Wine Only,Yes,No,No,,No,Yes,,2
two-guys-pizzeria-houston,Two Guys Pizzeria,"['pizza', 'salad']",29.7064056,-95.4116211,TX,"6100 Main St, Houston, TX 77005",2096.6909410177,3.5,81,False,No,Yes,Yes,Yes,,Lunch,Private Lot,Yes,,Yes,Yes,Casual,"Divey, Casual",Average,Beer & Wine Only,Yes,No,Yes,,No,No,,1
baby-barnabys-café-houston-2,Baby Barnaby's Café,"['breakfast_brunch', 'cafes']",29.748356,-95.388397,TX,"6100 Main St, Houston, TX 77005",3220.5628453141,4.5,640,False,No,No,Yes,Yes,,Breakfast,Street,Yes,Yes,Yes,No,Casual,Casual,Average,No,Yes,No,No,,Yes,No,,1
kaffeine-coffee-internet-and-office-cafe-houston,Kaffeine Coffee Internet & Office Cafe,"['coffee', 'internetcafe', 'delis']",29.722607,-95.37867,TX,"6100 Main St, Houston, TX 77005",1735.6326891024,4.5,59,False,Yes,No,Yes,Yes,,Breakfast,"Street, Private Lot",Yes,Yes,Yes,Yes,Casual,Casual,Quiet,No,Yes,Free,Yes,,No,Yes,,1
graces-houston-3,Grace's,"['tradamerican', 'newamerican']",29.7370202118,-95.4185060876,TX,"6100 Main St, Houston, TX 77005",2846.0120936141,4,75,False,Yes,No,Yes,Yes,,Dinner,"Valet, Garage",Yes,,Yes,Yes,Casual,Intimate,Average,Full Bar,Yes,Free,Yes,,Yes,Yes,,3
underbelly-houston,Underbelly,"['newamerican', 'wine_bars']",29.744939,-95.392982,TX,"6100 Main St, Houston, TX 77005",2784.9233134494,3.5,589,False,Yes,No,No,Yes,,Dinner,Valet,Yes,,No,Yes,Casual,Trendy,Average,Beer & Wine Only,Yes,No,No,,Yes,No,,3
baba-yega-cafe-houston,Baba Yega Cafe,"['vegetarian', 'burgers', 'newamerican']",29.7462292,-95.3902588,TX,"6100 Main St, Houston, TX 77005",2969.3589960793,4,480,False,Yes,No,Yes,Yes,,Lunch,"Street, Private Lot",Yes,Yes,Yes,Yes,Casual,Casual,Average,Full Bar,Yes,Free,No,Yes,Yes,No,No,2
dolce-vita-houston,Dolce Vita,"['pizza', 'italian']",29.744776,-95.387421,TX,"6100 Main St, Houston, TX 77005",2883.2383224572,4,458,False,Yes,No,Yes,Yes,,Dinner,Valet,Yes,Yes,No,Yes,Casual,Casual,Average,Full Bar,Yes,No,Yes,,Yes,Yes,,2
agora-houston,Agora,"['coffee', 'wine_bars', 'cafes']",29.742985,-95.40258,TX,"6100 Main St, Houston, TX 77005",2615.2349275118,4,594,False,No,No,No,Yes,,Breakfast,Street,Yes,Yes,No,Yes,Casual,Casual,Average,Beer & Wine Only,Yes,Free,Yes,,No,No,,1
piola-houston,Piola,"['pizza', 'italian']",29.7428723355,-95.3798845184,TX,"6100 Main St, Houston, TX 77005",2994.3077453488,4,309,False,Yes,No,Yes,Yes,,Dinner,Garage,Yes,Yes,Yes,Yes,Casual,Casual,Average,Full Bar,Yes,Free,Yes,,Yes,No,,2
holleys-seafood-restaurant-and-oyster-bar-houston,Holley's Seafood Restaurant & Oyster Bar,"['newamerican', 'seafood']",29.7428606,-95.379739,TX,"6100 Main St, Houston, TX 77005",3000.7162231867,4,81,False,Yes,No,Yes,Yes,,Dinner,"Valet, Garage",Yes,,No,Yes,Dressy,Upscale,Average,Full Bar,No,Free,Yes,,Yes,Yes,,3
salento-houston,Salento,"['coffee', 'wine_bars', 'newamerican']",29.7173157,-95.415329,TX,"6100 Main St, Houston, TX 77005",1856.9357953188,3.5,117,False,Yes,No,Yes,Yes,,Brunch,Street,Yes,Yes,No,No,Casual,Casual,Quiet,Beer & Wine Only,Yes,Free,No,,Yes,Yes,,2
the-hay-merchant-houston,The Hay Merchant,"['beergardens', 'gastropubs']",29.74494,-95.392982,TX,"6100 Main St, Houston, TX 77005",2784.9233134494,4,531,False,No,No,Yes,Yes,,Late Night,"Street, Private Lot",Yes,,No,Yes,Casual,Casual,Loud,Beer & Wine Only,Yes,No,Yes,,Yes,No,,2
little-pappasitos-houston-2,Little Pappasito's,"['tex-mex', 'mexican']",29.7343998,-95.4177017,TX,"6100 Main St, Houston, TX 77005",2599.4969813149,4,233,False,Yes,No,Yes,Yes,,Dinner,Private Lot,No,Yes,Yes,Yes,Casual,Casual,Loud,Full Bar,No,No,Yes,,Yes,Yes,,2
yum-yum-cha-houston,Yum Yum Cha,['dimsum'],29.7165222,-95.4155807,TX,"6100 Main St, Houston, TX 77005",1950.455804511,3.5,178,False,No,No,Yes,Yes,,Lunch,Street,Yes,Yes,Yes,Yes,Casual,Casual,Average,No,No,No,No,,Yes,No,,1
elevation-burger-houston,Elevation Burger,"['burgers', 'gluten_free']",29.7324820417,-95.4185129698,TX,"6100 Main St, Houston, TX 77005",2541.0407041516,3.5,233,False,No,No,Yes,Yes,,Lunch,"Street, Private Lot",Yes,Yes,Yes,Yes,Casual,Casual,Average,No,Yes,Free,Yes,No,No,Yes,Yes,1
melange-creperie-houston,Melange Creperie,"['creperies', 'foodstands']",29.74464,-95.386092,TX,"6100 Main St, Houston, TX 77005",2906.4399502226,4.5,168,False,No,No,Yes,Yes,,Lunch,"Street, Private Lot",Yes,Yes,Yes,Yes,Casual,Casual,Average,No,No,No,No,Yes,No,Yes,,1
mockingbird-bistro-houston,Mockingbird Bistro,"['french', 'newamerican']",29.74819,-95.40506,TX,"6100 Main St, Houston, TX 77005",3234.9494268565,4,451,False,Yes,No,No,Yes,,Dinner,Valet,No,Yes,No,Yes,Dressy,Romantic,Average,Full Bar,Yes,No,No,,Yes,No,,3
amazon-grill-houston,Amazon Grill,"['latin', 'burgers']",29.726636,-95.419036,TX,"6100 Main St, Houston, TX 77005",2303.6716444527,3.5,180,False,No,Yes,Yes,Yes,,Lunch,Private Lot,No,Yes,Yes,Yes,Casual,Casual,Average,Full Bar,Yes,Free,Yes,,No,Yes,No,2
buon-appetito-ristorante-italiano-houston,Buon Appetito Ristorante Italiano,['italian'],29.705898,-95.410797,TX,"6100 Main St, Houston, TX 77005",2092.962131914,4,49,False,Yes,No,Yes,Yes,,Dinner,Private Lot,No,Yes,No,Yes,Casual,Romantic,Quiet,Beer & Wine Only,No,No,Yes,,Yes,,,2
creativecrepes-houston,CreativeCrepes,"['creperies', 'catering']",29.7343978882,-95.4159469604,TX,"6100 Main St, Houston, TX 77005",2514.1482463989,5,15,False,No,Yes,No,,,,,No,,Yes,Yes,,,Quiet,No,No,No,No,,No,Yes,,2
guys-meat-market-houston,Guy's Meat Market,"['meats', 'bbq', 'burgers']",29.6997108,-95.3803177,TX,"6100 Main St, Houston, TX 77005",2744.8869145086,4,67,False,No,No,Yes,Yes,,Lunch,Private Lot,No,Yes,Yes,No,Casual,Casual,Average,Beer & Wine Only,No,No,No,,No,Yes,No,1
cyclone-anayas-mexican-kitchen-houston-3,Cyclone Anaya's Mexican Kitchen,['mexican'],29.7188917,-95.4149864,TX,"6100 Main St, Houston, TX 77005",1799.0732603164,3.5,28,False,Yes,No,Yes,Yes,,"Brunch, Dessert","Valet, Street",Yes,,Yes,Yes,Casual,Intimate,Average,Full Bar,Yes,Free,Yes,,Yes,,,2
mi-luna-houston,Mi Luna,"['spanish', 'tapas', 'moroccan']",29.714807,-95.416625,TX,"6100 Main St, Houston, TX 77005",2038.7669998189,3,371,False,Yes,No,Yes,Yes,,Dinner,Street,Yes,Yes,No,Yes,Casual,Casual,Average,Full Bar,Yes,No,Yes,,Yes,Yes,,2
texas-pizza-houston-3,Texas Pizza,['pizza'],29.7339993,-95.4068298,TX,"6100 Main St, Houston, TX 77005",1840.0814540321,3.5,72,False,No,Yes,Yes,Yes,,Dinner,Private Lot,Yes,Yes,Yes,Yes,Casual,Casual,Average,No,No,No,No,,No,Yes,,2
la-guadalupana-bakery-and-café-houston-3,La Guadalupana Bakery & Café,"['mexican', 'bakeries']",29.74687,-95.4018784,TX,"6100 Main St, Houston, TX 77005",3022.3807020874,4,312,False,No,No,Yes,Yes,,Breakfast,Street,Yes,Yes,Yes,Yes,Casual,Casual,Average,No,Yes,No,No,,Yes,No,,1
13-celsius-houston,13 Celsius,"['wine_bars', 'tapasmallplates']",29.7412796,-95.3738632,TX,"6100 Main St, Houston, TX 77005",3212.4456096997,4,204,False,No,No,No,Yes,,Late Night,Street,Yes,No,No,Yes,Casual,Intimate,Average,Beer & Wine Only,Yes,Free,No,,Yes,No,,2
siphon-coffee-houston,Siphon Coffee,"['cafes', 'coffee', 'bakeries']",29.738384,-95.3882239,TX,"6100 Main St, Houston, TX 77005",2182.856502175,4,203,False,No,No,Yes,Yes,No,Brunch,"Street, Private Lot",Yes,Yes,No,Yes,Casual,Hipster,Average,Beer & Wine Only,Yes,Free,No,Yes,No,No,,1
chapultepec-lupita-houston,Chapultepec Lupita,"['tex-mex', 'mexican']",29.7344152629,-95.3890816122,TX,"6100 Main St, Houston, TX 77005",1742.086480899,3.5,132,False,No,No,Yes,Yes,,"Dinner, Late Night",Private Lot,Yes,Yes,Yes,Yes,Casual,Casual,Average,Full Bar,No,No,Yes,,Yes,No,,1
brennans-of-houston-houston,Brennan's of Houston,"['cajun', 'steak', 'tradamerican']",29.742918,-95.381439,TX,"6100 Main St, Houston, TX 77005",2935.4671241066,4,293,False,Yes,No,No,Yes,,"Brunch, Dinner",Valet,No,Yes,No,Yes,Dressy,Classy,Average,Full Bar,Yes,No,No,,Yes,Yes,,3
jus-mac-montrose-houston,Jus' Mac Montrose,['tradamerican'],29.744899,-95.3820099,TX,"6100 Main St, Houston, TX 77005",3089.6581043379,3.5,135,False,No,No,Yes,Yes,,Lunch,Private Lot,Yes,Yes,Yes,Yes,Casual,Casual,Average,Beer & Wine Only,No,No,Yes,No,No,Yes,,1
the-black-labrador-houston,The Black Labrador,"['british', 'pubs']",29.7355003,-95.3915405,TX,"6100 Main St, Houston, TX 77005",1792.088378299,3,181,False,No,No,Yes,Yes,,Dinner,"Garage, Private Lot",Yes,Yes,No,Yes,Casual,Casual,Average,Full Bar,Yes,Free,No,,Yes,No,,2
pepperonis-pizza-houston,Pepperoni's Pizza,['pizza'],29.7452363,-95.3916822,TX,"6100 Main St, Houston, TX 77005",2833.7292381761,4,87,False,No,Yes,Yes,Yes,No,"Lunch, Late Night","Street, Private Lot",Yes,,Yes,No,Casual,Casual,Average,No,Yes,Free,No,,No,Yes,,1
rivas-italian-restaurant-houston,Riva's Italian Restaurant,['italian'],29.746049,-95.392486,TX,"6100 Main St, Houston, TX 77005",2912.7796613433,4,177,False,Yes,No,Yes,Yes,,"Brunch, Dinner",Private Lot,Yes,Yes,Yes,Yes,Casual,Casual,Average,Full Bar,Yes,No,Yes,,Yes,Yes,,2
chicken-kitchen-houston,Chicken Kitchen,"['hotdogs', 'soulfood']",29.7175446,-95.4170685,TX,"6100 Main St, Houston, TX 77005",2047.8118735755,3.5,74,False,No,Yes,Yes,Yes,,Lunch,Private Lot,Yes,Yes,Yes,Yes,Casual,Casual,Average,No,No,Free,Yes,,No,Yes,No,1
el-meson-restaurant-houston,El Meson Restaurant,"['spanish', 'basque', 'tapas']",29.714811,-95.415993,TX,"6100 Main St, Houston, TX 77005",1980.4751718501,3.5,97,False,Yes,No,Yes,Yes,,Dinner,Street,Yes,Yes,Yes,Yes,Casual,Casual,Average,Full Bar,No,No,No,,Yes,Yes,,2
thai-spice-houston,Thai Spice,"['thai', 'buffets']",29.7197127342,-95.4166386276,TX,"6100 Main St, Houston, TX 77005",1957.52864616,3.5,106,False,No,Yes,Yes,Yes,,"Lunch, Dinner",Private Lot,No,No,Yes,Yes,Casual,Casual,Average,Beer & Wine Only,Yes,No,Yes,,Yes,Yes,,2
aka-sushi-house-houston,Aka Sushi House,"['japanese', 'sushi']",29.7386456,-95.4161453,TX,"6100 Main St, Houston, TX 77005",2825.3399499395,4,558,False,Yes,No,Yes,Yes,,Dinner,Private Lot,No,Yes,No,Yes,Casual,Trendy,Average,Full Bar,No,No,Yes,,Yes,No,,2
cafe-helene-houston,Cafe Helene,['vietnamese'],29.7420168,-95.3764666,TX,"6100 Main St, Houston, TX 77005",3107.2164729847,4,55,False,No,No,Yes,Yes,,Lunch,"Street, Private Lot",No,Yes,Yes,Yes,Casual,Trendy,Average,Beer & Wine Only,Yes,Free,No,,No,Yes,,1
carrabbas-houston-2,Carrabba's,"['italian', 'seafood']",29.736727,-95.418159,TX,"6100 Main St, Houston, TX 77005",2817.0055284855,4,190,False,No,No,Yes,Yes,,Dinner,"Valet, Garage",No,Yes,Yes,Yes,Casual,Classy,Loud,Full Bar,Yes,Free,Yes,,Yes,Yes,,2
nam-noodles-and-more-houston,NAM: Noodles And More,['vietnamese'],29.717744,-95.417259,TX,"6100 Main St, Houston, TX 77005",2030.3986944673,3,118,False,No,Yes,Yes,Yes,,Lunch,"Street, Private Lot",Yes,Yes,Yes,Yes,Casual,Casual,Average,Beer & Wine Only,No,Free,Yes,No,No,Yes,,2
just-dinner-houston-2,Just Dinner,['newamerican'],29.748495,-95.401909,TX,"6100 Main St, Houston, TX 77005",3203.4529280812,4,200,False,Yes,No,No,Yes,,Dinner,Private Lot,Yes,Yes,No,No,Dressy,Intimate,Average,No,No,Free,No,No,Yes,No,,3
green-seed-vegan-houston,Green Seed Vegan,"['vegan', 'juicebars', 'raw_food']",29.7303089347,-95.3765309943,TX,"6100 Main St, Houston, TX 77005",2230.7602441552,4,225,False,No,No,Yes,Yes,,Lunch,"Street, Private Lot",Yes,,Yes,No,Casual,Casual,Average,No,Yes,Free,No,No,No,Yes,,2
trevisio-houston,Trevisio,['italian'],29.709599,-95.397722,TX,"6100 Main St, Houston, TX 77005",1172.8179938103,3.5,35,False,Yes,No,No,Yes,,Dinner,Garage,No,Yes,No,Yes,Dressy,Classy,Quiet,Full Bar,Yes,No,No,,Yes,Yes,,3
spicy-pickle-houston-2,Spicy Pickle,"['sandwiches', 'salad', 'pizza']",29.696404,-95.41148,TX,"6100 Main St, Houston, TX 77005",3008.7516541439,3.5,90,False,No,Yes,Yes,Yes,,Lunch,Private Lot,No,Yes,Yes,Yes,Casual,Casual,Average,Beer & Wine Only,Yes,Free,Yes,,No,Yes,,1
bbs-cafe-houston,BB's Cafe,['cajun'],29.745269,-95.391654,TX,"6100 Main St, Houston, TX 77005",2833.7292381761,3.5,316,False,No,Yes,Yes,Yes,,"Lunch, Late Night",Private Lot,Yes,Yes,Yes,No,Casual,Casual,Average,Full Bar,Yes,No,Yes,,Yes,Yes,,2
kays-lounge-houston,Kay's Lounge,"['divebars', 'musicvenues', 'pizza']",29.725794,-95.413948,TX,"6100 Main St, Houston, TX 77005",1809.186839625,4,38,False,No,No,No,Yes,,Late Night,"Street, Private Lot",Yes,Yes,No,Yes,Casual,Divey,Average,Full Bar,Yes,No,Yes,,No,No,,1
house-of-pies-restaurant-and-bakery-houston-2,House of Pies Restaurant & Bakery,"['diners', 'breakfast_brunch', 'bakeries']",29.737114,-95.419357,TX,"6100 Main St, Houston, TX 77005",2891.8756184286,3.5,384,False,No,No,Yes,Yes,,"Breakfast, Late Night, Dessert",Private Lot,Yes,Yes,Yes,Yes,Casual,Casual,Average,No,No,No,No,,Yes,No,,1
radical-eats-houston-2,Radical Eats,"['mexican', 'newamerican']",29.7442227,-95.3879061,TX,"6100 Main St, Houston, TX 77005",2806.7624950416,3.5,177,False,Yes,No,Yes,Yes,,Brunch,Private Lot,Yes,,Yes,Yes,Casual,Casual,Average,Full Bar,Yes,No,No,,Yes,Yes,,2
mais-restaurant-houston,Mai's Restaurant,['vietnamese'],29.741262272,-95.3798279911,TX,"6100 Main St, Houston, TX 77005",2845.4542957005,3.5,497,False,Yes,No,Yes,Yes,,Late Night,"Street, Private Lot",Yes,Yes,Yes,Yes,Casual,Casual,Average,Full Bar,No,Free,Yes,,Yes,Yes,,2
the-golden-grill-houston,The Golden Grill,"['sandwiches', 'foodtrucks']",29.7431508,-95.3897499683,TX,"6100 Main St, Houston, TX 77005",2644.1867136131,4,48,False,No,No,Yes,Yes,,Lunch,Street,No,Yes,Yes,Yes,Casual,Casual,Average,No,No,No,No,Yes,No,Yes,,1
luigis-cucina-italiana-houston-2,Luigi's Cucina Italiana,['italian'],29.737718,-95.426523,TX,"6100 Main St, Houston, TX 77005",3507.2713836416,4.5,48,False,Yes,No,Yes,Yes,,"Lunch, Dinner","Valet, Garage, Street",Yes,Yes,Yes,Yes,Casual,Intimate,Average,Full Bar,No,No,Yes,No,Yes,Yes,,2
the-flat-houston,The Flat,"['lounges', 'newamerican']",29.751528,-95.398643,TX,"6100 Main St, Houston, TX 77005",3502.2503963101,4,130,False,Yes,No,Yes,Yes,,Late Night,Street,Yes,Yes,No,Yes,Casual,Hipster,Loud,Full Bar,Yes,Free,Yes,,No,No,,2
the-community-bar-houston,The Community Bar,"['lounges', 'gastropubs']",29.7462648,-95.3782144,TX,"6100 Main St, Houston, TX 77005",3400.0479804188,4,161,False,No,No,Yes,Yes,No,"Dinner, Late Night","Street, Private Lot",Yes,Yes,No,Yes,Casual,Casual,Average,Full Bar,Yes,Free,Yes,Yes,No,No,,2
el-tiempo-cantina-houston-4,El Tiempo Cantina,"['tex-mex', 'mexican']",29.73432,-95.425591,TX,"6100 Main St, Houston, TX 77005",3239.1627771573,4,301,False,Yes,No,Yes,Yes,,"Lunch, Dinner",Valet,No,Yes,Yes,Yes,Casual,Casual,Loud,Full Bar,Yes,No,Yes,,Yes,Yes,,2
nidda-thai-cuisine-houston,Nidda Thai Cuisine,['thai'],29.7443602234,-95.3940007836,TX,"6100 Main St, Houston, TX 77005",2729.2635991055,4,365,False,Yes,No,Yes,Yes,,"Lunch, Dinner",Private Lot,No,Yes,Yes,Yes,Casual,Casual,Quiet,Beer & Wine Only,No,No,No,,Yes,Yes,,2
triniti-restaurant-houston,Triniti Restaurant,"['newamerican', 'bars']",29.740203,-95.410362,TX,"6100 Main St, Houston, TX 77005",2612.1972573355,3.5,224,False,Yes,No,Yes,Yes,,Dinner,Valet,No,Yes,No,Yes,Dressy,Trendy,Average,Full Bar,Yes,No,No,,Yes,No,,3
osaka-japanese-restaurant-houston,Osaka Japanese Restaurant,"['japanese', 'sushi']",29.7442493,-95.3882065,TX,"6100 Main St, Houston, TX 77005",2794.1677793232,4,303,False,Yes,No,Yes,Yes,,Dinner,Private Lot,No,Yes,Yes,Yes,Casual,Casual,Average,Full Bar,No,Free,Yes,,Yes,No,,2
maxs-wine-dive-houston-3,MAX's Wine Dive,"['wine_bars', 'newamerican', 'breakfast_brunch']",29.748418,-95.385446,TX,"6100 Main St, Houston, TX 77005",3323.5631054394,4,160,False,Yes,No,Yes,Yes,,Brunch,"Valet, Street",Yes,Yes,No,Yes,Casual,Divey,Average,Beer & Wine Only,Yes,No,Yes,,Yes,Yes,,2
theos-restaurant-houston,Theo's Restaurant,"['pizza', 'greek', 'tradamerican']",29.7449207,-95.3903122,TX,"6100 Main St, Houston, TX 77005",2814.7486784811,3.5,254,False,Yes,No,Yes,Yes,,Late Night,Private Lot,Yes,Yes,Yes,Yes,Casual,Casual,Average,Full Bar,Yes,Free,Yes,No,Yes,No,,2
beaucoup-bar-and-grill-houston,Beaucoup Bar & Grill,"['chicken_wings', 'cajun', 'burgers']",29.6997395,-95.3805389,TX,"6100 Main St, Houston, TX 77005",2731.9455631378,3.5,171,False,Yes,No,Yes,Yes,,Brunch,"Street, Private Lot",No,Yes,Yes,Yes,Casual,Casual,Average,Full Bar,Yes,Free,Yes,,No,Yes,No,2
brown-bag-deli-houston,Brown Bag Deli,"['delis', 'sandwiches']",29.742918,-95.410027,TX,"6100 Main St, Houston, TX 77005",2859.353975306,4,137,False,No,No,Yes,Yes,,Lunch,Private Lot,Yes,Yes,Yes,Yes,Casual,Casual,Average,No,Yes,Free,No,,No,Yes,,1
corner-table-houston,Corner Table,"['newamerican', 'gluten_free', 'vegetarian']",29.7415104,-95.4214096,TX,"6100 Main St, Houston, TX 77005",3389.8279727517,3.5,227,False,Yes,No,Yes,Yes,,Dinner,Valet,No,,No,Yes,Dressy,Trendy,Average,Full Bar,Yes,No,No,,Yes,Yes,,3
goode-company-taqueria-and-hamburgers-houston,Goode Company Taqueria & Hamburgers,"['burgers', 'tex-mex', 'newamerican']",29.7282830264,-95.4189107146,TX,"6100 Main St, Houston, TX 77005",2356.5253351864,3.5,154,False,No,Yes,Yes,Yes,,Breakfast,"Valet, Private Lot",No,Yes,Yes,Yes,Casual,Casual,Loud,Beer & Wine Only,Yes,No,No,,No,Yes,No,2
les-givrals-sandwich-and-café-houston-2,Les Givral's Sandwich & Café,"['vietnamese', 'sandwiches', 'bbq']",29.745676,-95.3765869,TX,"6100 Main St, Houston, TX 77005",3400.1199394373,4,528,False,No,No,Yes,Yes,,Lunch,Private Lot,Yes,Yes,Yes,Yes,Casual,Casual,Average,No,Yes,No,No,,No,No,,1
le-donut-houston,Le Donut,"['breakfast_brunch', 'bakeries', 'donuts']",29.699368,-95.386169,TX,"6100 Main St, Houston, TX 77005",2506.6633355358,4,89,False,No,No,Yes,Yes,,Breakfast,Private Lot,No,Yes,Yes,No,Casual,Casual,Quiet,No,No,No,No,,No,No,,1
arnaldo-richards-picos-houston,Arnaldo Richards' Picos,"['mexican', 'seafood']",29.7337646484,-95.4180526733,TX,"6100 Main St, Houston, TX 77005",2585.074839039,3.5,243,False,No,Yes,Yes,Yes,No,Dinner,"Valet, Private Lot",Yes,Yes,Yes,Yes,Casual,Casual,Average,Full Bar,Yes,Free,Yes,,Yes,Yes,,2
59-diner-houston-2,59 Diner,"['diners', 'breakfast_brunch', 'tradamerican']",29.7323608,-95.4118271,TX,"6100 Main St, Houston, TX 77005",2037.8710827237,3,179,False,No,No,Yes,Yes,,"Breakfast, Late Night",Private Lot,Yes,Yes,Yes,Yes,Casual,Casual,Average,No,No,Free,Yes,,Yes,No,,1
cafe-express-houston-10,Cafe Express,"['newamerican', 'sandwiches']",29.725631699,-95.3896079957,TX,"6100 Main St, Houston, TX 77005",911.3303377648,3.5,35,False,No,Yes,Yes,Yes,,Lunch,"Garage, Street",Yes,Yes,Yes,Yes,Casual,Casual,Loud,Beer & Wine Only,Yes,Free,No,No,No,Yes,,2
le-peep-houston-2,Le Peep,"['newamerican', 'breakfast_brunch']",29.716653,-95.417195,TX,"6100 Main St, Houston, TX 77005",2043.4208760567,3.5,75,False,No,No,Yes,Yes,,"Breakfast, Brunch","Street, Private Lot",Yes,Yes,Yes,Yes,Casual,Casual,Average,No,No,Free,No,,Yes,No,,2
twin-peaks-houston,Twin Peaks,"['tradamerican', 'sportsbars', 'newamerican']",29.731388092,-95.4172134399,TX,"6100 Main St, Houston, TX 77005",2369.8894672691,3.5,118,False,Yes,No,Yes,Yes,,"Dinner, Late Night",Valet,Yes,,No,Yes,Casual,Casual,Average,Full Bar,Yes,Free,Yes,,Yes,No,,2
369-oriental-bistro-houston,369 Oriental Bistro,['chinese'],29.7446009517,-95.3916699439,TX,"6100 Main St, Houston, TX 77005",2772.0790877818,4,92,False,No,Yes,Yes,Yes,,Lunch,Private Lot,Yes,Yes,Yes,Yes,Casual,Casual,Quiet,Beer & Wine Only,No,No,Yes,,Yes,No,,2
lankford-grocery-houston,Lankford Grocery,"['grocery', 'burgers']",29.750044,-95.38385,TX,"6100 Main St, Houston, TX 77005",3544.6404195267,4,406,False,No,No,Yes,No,,Lunch,Street,Yes,Yes,Yes,Yes,Casual,Divey,Average,Beer & Wine Only,Yes,No,Yes,,Yes,No,No,1
barnabys-café-houston-4,Barnaby's Café,"['burgers', 'sandwiches']",29.7482719,-95.3883743,TX,"6100 Main St, Houston, TX 77005",3229.0915571646,4,195,False,No,No,Yes,Yes,,Lunch,Street,Yes,Yes,Yes,Yes,Casual,Casual,Average,Beer & Wine Only,Yes,No,No,,Yes,No,No,2
la-fresca-pizza-houston-2,La Fresca Pizza,"['pizza', 'italian']",29.7076867,-95.4180686,TX,"6100 Main St, Houston, TX 77005",2505.3224126716,4.5,30,False,No,Yes,Yes,Yes,No,,Private Lot,Yes,Yes,Yes,No,Casual,,Quiet,No,Yes,Free,No,,No,Yes,,1
smashburger-houston-26,Smashburger,['burgers'],29.69458,-95.413734,TX,"6100 Main St, Houston, TX 77005",3306.8523507895,4,225,False,No,No,Yes,Yes,,Lunch,Private Lot,Yes,Yes,Yes,Yes,Casual,Casual,Average,Beer & Wine Only,Yes,No,No,,No,No,No,1
jennis-noodle-house-houston-2,Jenni's Noodle House,"['vietnamese', 'soup', 'ramen']",29.7378902,-95.4105759,TX,"6100 Main St, Houston, TX 77005",2423.0421015105,3.5,180,False,No,No,Yes,Yes,,Lunch,Private Lot,Yes,Yes,Yes,Yes,Casual,Casual,Average,Beer & Wine Only,No,No,No,,Yes,Yes,,2
julias-bistro-houston,Julia's Bistro,['latin'],29.7384148,-95.3798523,TX,"6100 Main St, Houston, TX 77005",2560.2549758251,3.5,84,False,Yes,No,Yes,Yes,,Dinner,Valet,,Yes,No,Yes,Casual,Classy,Quiet,Full Bar,No,No,No,,Yes,No,,2
brown-bag-deli-houston-2,Brown Bag Deli,"['delis', 'sandwiches', 'burgers']",29.716011789,-95.4179906935,TX,"6100 Main St, Houston, TX 77005",2132.9564830903,4,42,False,No,No,Yes,Yes,,Lunch,Street,Yes,Yes,Yes,Yes,Casual,Casual,Average,No,Yes,Free,No,,No,Yes,No,1
da-marco-houston,Da Marco,['italian'],29.7429256,-95.3978806,TX,"6100 Main St, Houston, TX 77005",2565.9933744074,4,207,False,Yes,No,No,Yes,,Dinner,Valet,No,Yes,No,Yes,Dressy,Classy,Average,Full Bar,No,No,No,,Yes,No,,4
barnabys-cafe-houston-2,Barnaby's Cafe,"['newamerican', 'breakfast_brunch', 'salad']",29.750414,-95.4104,TX,"6100 Main St, Houston, TX 77005",3630.7060323662,4,369,False,No,No,Yes,Yes,,Lunch,Private Lot,Yes,Yes,Yes,Yes,Casual,Casual,Average,Beer & Wine Only,Yes,No,No,,Yes,No,,2
pho-saigon-vietnamese-houston,Pho Saigon Vietnamese,['vietnamese'],29.7451191,-95.3774719,TX,"6100 Main St, Houston, TX 77005",3325.0641794096,4,414,False,No,No,Yes,Yes,,Lunch,Private Lot,No,Yes,Yes,Yes,Casual,Casual,Average,No,No,No,No,,Yes,No,,1
el-real-tex-mex-cafe-houston,El Real Tex-Mex Cafe,['tex-mex'],29.744286,-95.39357,TX,"6100 Main St, Houston, TX 77005",2735.7350295851,3.5,426,False,Yes,No,Yes,Yes,,Dinner,"Valet, Street, Private Lot",Yes,Yes,Yes,Yes,Casual,Casual,Average,Full Bar,Yes,Free,Yes,,Yes,Yes,,2
snap-kitchen-houston,Snap Kitchen,"['salad', 'juicebars', 'vegan']",29.7333189,-95.4191919,TX,"6100 Main St, Houston, TX 77005",2646.931939182,4,86,False,No,Yes,Yes,Yes,No,"Breakfast, Lunch, Dinner",Private Lot,Yes,Yes,Yes,Yes,Casual,Casual,Average,No,No,No,No,No,No,Yes,,2
ibiza-houston,Ibiza,"['wine_bars', 'newamerican', 'basque']",29.7474499,-95.3768387,TX,"6100 Main St, Houston, TX 77005",3580.3829950585,4,284,False,Yes,No,No,Yes,,Dinner,Valet,No,Yes,No,Yes,Dressy,Romantic,Average,Full Bar,Yes,No,No,,Yes,No,,3
bbs-cafe-houston-6,BB's Cafe,"['tex-mex', 'cajun']",29.733622,-95.426079,TX,"6100 Main St, Houston, TX 77005",3236.4804077823,3.5,121,False,No,No,Yes,Yes,,"Brunch, Dinner",Private Lot,Yes,,Yes,Yes,Casual,Casual,Average,Full Bar,Yes,Free,Yes,,Yes,Yes,,2
bistro-menil-houston-2,Bistro Menil,"['wine_bars', 'newamerican']",29.738416,-95.398406,TX,"6100 Main St, Houston, TX 77005",2047.7382140283,3,69,False,Yes,No,Yes,Yes,,Brunch,"Street, Private Lot",Yes,,No,Yes,Casual,Casual,Average,Beer & Wine Only,Yes,No,No,No,Yes,,,2
cuchara-houston,Cuchara,['mexican'],29.748419,-95.385445,TX,"6100 Main St, Houston, TX 77005",3323.5631054394,3.5,178,False,No,No,Yes,Yes,,Brunch,Private Lot,Yes,Yes,Yes,Yes,Casual,Trendy,Average,Full Bar,Yes,Free,No,,Yes,Yes,,2
eleven-eleven-restaurant-and-bar-houston,Eleven : Eleven Restaurant & Bar,"['newamerican', 'seafood', 'cocktailbars']",29.753104,-95.388446,TX,"6100 Main St, Houston, TX 77005",3751.2098870094,4,188,False,Yes,No,Yes,Yes,,Brunch,"Valet, Street, Private Lot",No,Yes,No,Yes,Casual,Trendy,Average,Full Bar,Yes,Free,Yes,Yes,Yes,Yes,,2
azuma-sushi-and-robata-grill-houston,Azuma Sushi & Robata Grill,"['sushi', 'japanese']",29.7215357026,-95.4188752232,TX,"6100 Main St, Houston, TX 77005",2175.6814696019,3.5,144,False,Yes,No,Yes,Yes,,Dinner,Private Lot,No,Yes,Yes,Yes,Casual,Trendy,Average,Full Bar,No,No,No,,Yes,,,2
pistoleros-houston,Pistolero's,"['mexican', 'bars']",29.7425300565,-95.3983073778,TX,"6100 Main St, Houston, TX 77005",2502.578650752,3,143,False,Yes,No,Yes,Yes,,Dinner,"Street, Private Lot",Yes,No,No,Yes,Casual,Hipster,Average,Full Bar,Yes,Free,Yes,No,Yes,No,,2
capones-oven-and-bar-houston,Capone's Oven & Bar,"['pizza', 'sportsbars']",29.7339497,-95.4153595,TX,"6100 Main St, Houston, TX 77005",2390.9688062293,4,18,False,Yes,No,Yes,Yes,,,,No,,Yes,Yes,Casual,Divey,Average,Full Bar,Yes,Free,Yes,,Yes,No,,2
sparrow-bar-cookshop-houston,Sparrow Bar + Cookshop,"['bars', 'newamerican']",29.7386703,-95.3802872,TX,"6100 Main St, Houston, TX 77005",2592.2872596174,3,165,False,Yes,No,No,Yes,,Dinner,Valet,No,,No,Yes,Casual,Hipster,Average,Full Bar,Yes,No,No,,Yes,No,,3
alfredas-cafeteria-houston,Alfreda's Cafeteria,"['tradamerican', 'soulfood']",29.723425,-95.37825,TX,"6100 Main St, Houston, TX 77005",1780.3423472085,3.5,28,False,No,No,Yes,Yes,,Lunch,Private Lot,No,,Yes,No,Casual,Casual,Average,No,No,No,Yes,,No,No,,1
pondicheri-houston,Pondicheri,"['indpak', 'breakfast_brunch']",29.7411709,-95.4194565,TX,"6100 Main St, Houston, TX 77005",3191.9962551441,3.5,447,False,No,No,Yes,Yes,,Brunch,Garage,Yes,Yes,Yes,Yes,Casual,Trendy,Average,Beer & Wine Only,Yes,Free,No,,Yes,No,,2
la-madeleine-french-bakery-and-cafe-houston-6,La Madeleine French Bakery & Cafe,"['french', 'bakeries']",29.7156733274,-95.4183646291,TX,"6100 Main St, Houston, TX 77005",2177.3777916371,3.5,61,False,No,No,Yes,Yes,,Lunch,Street,Yes,Yes,Yes,Yes,Casual,Casual,Average,No,Yes,Free,No,,No,Yes,,2
cali-sandwich-and-fast-food-houston,Cali Sandwich & Fast Food,"['sandwiches', 'vietnamese', 'salad']",29.743438605,-95.3769922256,TX,"6100 Main St, Houston, TX 77005",3202.8115489332,4,249,False,No,No,Yes,Yes,,Lunch,Private Lot,Yes,Yes,Yes,Yes,Casual,Casual,Average,No,No,No,No,,Yes,No,,1
tucasita-houston,Tucasita,"['mexican', 'foodtrucks']",29.725791961,-95.3972891718,TX,"6100 Main St, Houston, TX 77005",633.0716289108,4,6,False,No,No,Yes,Yes,,,,,,Yes,Yes,Casual,,Quiet,No,Yes,No,No,,No,No,,1
giacomos-cibo-e-vino-houston,Giacomo's Cibo e Vino,['italian'],29.742032,-95.423718,TX,"6100 Main St, Houston, TX 77005",3593.0501074771,4,207,False,No,No,Yes,Yes,,"Lunch, Dinner",Private Lot,Yes,Yes,Yes,Yes,Casual,Casual,Average,Beer & Wine Only,Yes,No,No,,Yes,No,,2
this-is-it-houston,This Is It,['soulfood'],29.723278,-95.369746,TX,"6100 Main St, Houston, TX 77005",2598.945819384,3.5,88,False,No,No,Yes,Yes,,Lunch,Private Lot,No,Yes,Yes,Yes,Casual,Casual,Average,No,Yes,No,Yes,,No,Yes,,2
miyako-houston,Miyako,"['japanese', 'sushi']",29.732157,-95.419388,TX,"6100 Main St, Houston, TX 77005",2596.8705537162,3.5,262,False,Yes,No,Yes,Yes,,Dinner,Private Lot,No,Yes,Yes,Yes,Casual,Casual,Average,Full Bar,No,No,Yes,,Yes,No,,2
thai-bistro-houston,Thai Bistro,['thai'],29.7286820103,-95.4305147832,TX,"6100 Main St, Houston, TX 77005",3429.5159702734,4,166,False,Yes,Yes,Yes,Yes,,Lunch,Private Lot,No,Yes,Yes,Yes,Casual,Casual,Average,Beer & Wine Only,Yes,No,No,,Yes,,,2
dögarz-döner-houston-2,Dögarz Döner,"['mediterranean', 'turkish', 'german']",29.750368,-95.37471,TX,"6100 Main St, Houston, TX 77005",3965.8037704954,4.5,57,False,No,No,Yes,Yes,,Lunch,"Street, Private Lot",Yes,,Yes,Yes,Casual,Hipster,Average,No,Yes,Free,No,,No,No,,1
boheme-houston-2,Boheme,"['wine_bars', 'cafes', 'newamerican']",29.747997,-95.386032,TX,"6100 Main St, Houston, TX 77005",3281.5008784961,3.5,464,False,Yes,No,Yes,Yes,,Late Night,"Street, Private Lot",Yes,Yes,No,Yes,Casual,Casual,Average,Full Bar,Yes,Free,No,Yes,No,No,,2
mcgonigels-mucky-duck-houston,McGonigel's Mucky Duck,"['pubs', 'musicvenues', 'irish']",29.732559,-95.417181,TX,"6100 Main St, Houston, TX 77005",2438.8524791893,4,111,False,No,No,No,Yes,No,Dinner,Street,Yes,Yes,No,Yes,Casual,Casual,Average,Beer & Wine Only,Yes,Free,Yes,No,Yes,No,,2
monarch-restaurant-and-lounge-houston,Monarch Restaurant & Lounge,"['newamerican', 'lounges']",29.7249552033,-95.3898668289,TX,"6100 Main St, Houston, TX 77005",831.9950633992,3,131,False,Yes,No,Yes,Yes,,Dinner,"Valet, Street, Validated",No,Yes,No,Yes,Dressy,Classy,Average,Full Bar,Yes,Free,Yes,,Yes,No,,3
del-friscos-grille-houston-2,Del Frisco's Grille,"['steak', 'burgers']",29.7411709,-95.4194565,TX,"6100 Main St, Houston, TX 77005",3200.1552880653,3.5,220,False,Yes,No,Yes,Yes,,Brunch,Garage,Yes,,No,Yes,Casual,Trendy,Average,Full Bar,Yes,No,Yes,,Yes,No,No,2
katzs-deli-and-bar-houston,Katz's Deli & Bar,"['delis', 'sandwiches', 'desserts']",29.744855,-95.389568,TX,"6100 Main St, Houston, TX 77005",2832.419227472,3,378,False,No,No,Yes,Yes,,Late Night,Private Lot,Yes,Yes,Yes,Yes,Casual,Casual,Average,Full Bar,No,Free,Yes,,Yes,Yes,,2
la-fendee-mediterranean-grill-houston,La Fendee Mediterranean Grill,"['mediterranean', 'hookah_bars']",29.7434502,-95.3962021,TX,"6100 Main St, Houston, TX 77005",2597.3354535469,3.5,125,False,No,No,Yes,Yes,,Lunch,Private Lot,Yes,Yes,Yes,Yes,Casual,Casual,Average,No,Yes,Free,Yes,,Yes,Yes,,2
nara-thai-dining-express-houston-4,Nara Thai Dining Express,['thai'],29.7474583987,-95.3707218915,TX,"6100 Main St, Houston, TX 77005",3926.2688631761,4.5,104,False,No,No,Yes,Yes,,Dinner,Private Lot,No,,Yes,Yes,Casual,Casual,Average,No,No,No,No,,Yes,No,,1
reef-houston,Reef,"['seafood', 'lounges']",29.7458401,-95.3754501,TX,"6100 Main St, Houston, TX 77005",3526.9789594174,4,526,False,Yes,No,No,Yes,,Dinner,Valet,Yes,Yes,No,Yes,Dressy,Trendy,Loud,Full Bar,Yes,No,No,,Yes,No,,3
backstreet-café-houston-2,Backstreet Café,"['newamerican', 'breakfast_brunch']",29.755296,-95.408576,TX,"6100 Main St, Houston, TX 77005",4089.8064473383,4,665,False,Yes,No,Yes,Yes,,Brunch,"Valet, Street, Private Lot",No,Yes,No,Yes,Casual,Classy,Average,Full Bar,Yes,No,No,,Yes,Yes,,2
njoy-thai-restaurant-houston,Njoy Thai Restaurant,['thai'],29.7444547617,-95.3838678097,TX,"6100 Main St, Houston, TX 77005",2968.0390831598,4,73,False,Yes,No,Yes,Yes,,Dinner,Private Lot,No,,Yes,Yes,Casual,Casual,Average,No,No,No,Yes,No,Yes,Yes,,2
harrys-restaurant-houston,Harry's Restaurant,['breakfast_brunch'],29.7465401,-95.3812714,TX,"6100 Main St, Houston, TX 77005",3286.8084218434,3.5,187,False,No,No,Yes,Yes,,Brunch,Private Lot,Yes,Yes,Yes,Yes,Casual,Casual,Average,No,Yes,No,Yes,,Yes,No,,2
thien-an-sandwiches-houston-4,Thien An Sandwiches,['vietnamese'],29.7436923981,-95.3724594116,TX,"6100 Main St, Houston, TX 77005",3498.26760365,4,99,False,No,No,Yes,Yes,,Lunch,Private Lot,Yes,Yes,Yes,Yes,Casual,Casual,Average,No,No,No,Yes,,Yes,No,,1
lupe-tortilla-houston,Lupe Tortilla,"['mexican', 'tex-mex', 'gluten_free']",29.7319201224,-95.4167838585,TX,"6100 Main St, Houston, TX 77005",2367.1944052958,3.5,251,False,No,No,Yes,Yes,,"Lunch, Dinner",Private Lot,Yes,Yes,Yes,Yes,Casual,Casual,Average,Full Bar,Yes,No,Yes,,Yes,Yes,,2
cook-and-collins-houston,Cook & Collins,"['newamerican', 'salad']",29.7492244,-95.3784277,TX,"6100 Main St, Houston, TX 77005",3675.9581572802,3.5,218,False,Yes,No,Yes,Yes,,Brunch,Valet,Yes,Yes,No,Yes,Casual,Hipster,Average,Full Bar,Yes,Free,Yes,,Yes,No,,2
jersey-mikes-subs-houston-10,Jersey Mike's Subs,"['sandwiches', 'hotdogs', 'delis']",29.7196007,-95.4181137,TX,"6100 Main St, Houston, TX 77005",2099.4383056185,4,32,False,No,No,Yes,Yes,,Lunch,Private Lot,,,Yes,Yes,Casual,Casual,Average,No,No,No,Yes,,No,Yes,No,1
gratifi-kitchen-bar-houston,Gratifi Kitchen + Bar,"['breakfast_brunch', 'newamerican']",29.7484113739,-95.3860790856,TX,"6100 Main St, Houston, TX 77005",3303.9036153375,3,152,False,No,No,Yes,Yes,,Brunch,"Valet, Street, Private Lot",Yes,Yes,Yes,Yes,Casual,Casual,Quiet,Full Bar,Yes,Free,No,Yes,Yes,Yes,,2
kams-wok-wine-dine-houston,Kam's Wok | Wine | Dine,['chinese'],29.732449,-95.391474,TX,"6100 Main St, Houston, TX 77005",1455.0626165301,3.5,99,False,Yes,No,Yes,Yes,,Dinner,"Valet, Street, Private Lot",Yes,Yes,Yes,Yes,Casual,Casual,Average,Full Bar,No,Free,Yes,No,Yes,Yes,,2
district-7-grill-midtown-houston,District 7 Grill Midtown,['newamerican'],29.7521403425,-95.3748863753,TX,"6100 Main St, Houston, TX 77005",4125.8892165038,4,175,False,Yes,No,Yes,Yes,,Lunch,Private Lot,Yes,Yes,Yes,Yes,Casual,Casual,Average,Beer & Wine Only,Yes,Free,Yes,Yes,Yes,Yes,,2
simply-pho-houston,Simply Pho,['vietnamese'],29.7438866872,-95.3777434239,TX,"6100 Main St, Houston, TX 77005",3201.9616408997,3.5,260,False,Yes,No,Yes,Yes,,Lunch,"Street, Private Lot",Yes,Yes,Yes,Yes,Casual,Casual,Average,,No,Free,Yes,No,Yes,No,,1
als-quick-stop-houston,Al's Quick Stop,"['convenience', 'hotdogs']",29.7500401,-95.3966293,TX,"6100 Main St, Houston, TX 77005",3341.4371555803,4,64,False,No,No,Yes,Yes,,,"Street, Private Lot",Yes,Yes,Yes,No,Casual,,Quiet,Beer & Wine Only,Yes,No,No,,No,No,No,1
oddball-eats-houston,Oddball Eats,"['foodstands', 'catering']",29.7348970786,-95.4241527055,TX,"6100 Main St, Houston, TX 77005",3144.9525028381,4.5,9,False,No,Yes,Yes,Yes,,,,Yes,,Yes,Yes,Casual,,,,Yes,No,No,,No,Yes,,1
tex-chick-puertorrican-restaurant-houston,Tex-Chick Puertorrican Restaurant,"['latin', 'puertorican']",29.748337,-95.389343,TX,"6100 Main St, Houston, TX 77005",3214.7569166665,4,54,False,No,No,Yes,Yes,,Lunch,Street,Yes,Yes,Yes,No,Casual,Casual,Average,No,No,No,No,,Yes,Yes,,2
freebirds-world-burrito-houston-10,Freebirds World Burrito,"['mexican', 'breakfast_brunch', 'tex-mex']",29.7327470495,-95.4126982137,TX,"6100 Main St, Houston, TX 77005",2111.2031881127,4,129,False,No,No,Yes,Yes,,Lunch,Private Lot,Yes,Yes,Yes,Yes,Casual,Hipster,Average,Beer & Wine Only,Yes,Free,No,,No,Yes,,1
vertskebap-houston-2,VertsKebap,"['mediterranean', 'sandwiches']",29.7532048,-95.3999634,TX,"6100 Main St, Houston, TX 77005",3698.7928226323,4,90,False,No,No,Yes,Yes,No,Lunch,Private Lot,Yes,Yes,Yes,Yes,Casual,Casual,Average,Beer & Wine Only,Yes,Free,No,Yes,No,No,,1
fresh-bistro-at-the-pavilion-houston,Fresh Bistro At the Pavilion,['tradamerican'],29.708227,-95.402786,TX,"6100 Main St, Houston, TX 77005",1455.7210715537,4.5,3,False,No,,,Yes,,,,,,Yes,Yes,,,,,,,,,,,,1
turquoise-grill-houston,Turquoise Grill,"['turkish', 'mediterranean', 'halal']",29.732893,-95.417656,TX,"6100 Main St, Houston, TX 77005",2497.7026384285,3.5,82,False,Yes,Yes,Yes,Yes,,"Lunch, Dinner","Garage, Street",Yes,Yes,Yes,Yes,Casual,Casual,Average,Beer & Wine Only,Yes,No,Yes,,Yes,Yes,,2
blodgett-fish-market-houston,Blodgett Fish Market,['seafood'],29.7240467,-95.3704834,TX,"6100 Main St, Houston, TX 77005",2559.1881612213,4.5,4,False,No,,,Yes,,,,,Yes,,,Casual,,,No,,No,,,No,No,,1
southwells-hamburger-grill-houston-2,Southwell's Hamburger Grill,"['diners', 'burgers']",29.7064056,-95.411644,TX,"6100 Main St, Houston, TX 77005",2108.8268828918,3.5,78,False,No,No,Yes,Yes,,Lunch,Private Lot,Yes,Yes,Yes,Yes,Casual,Casual,Average,No,Yes,No,Yes,,No,No,No,1
kim-tai-restaurant-houston,Kim Tai Restaurant,['vietnamese'],29.74481,-95.37352,TX,"6100 Main St, Houston, TX 77005",3527.3132496996,4,101,False,No,No,Yes,Yes,,Lunch,Private Lot,Yes,Yes,Yes,No,Casual,Divey,Quiet,Beer & Wine Only,No,No,Yes,,Yes,No,,1
barnabys-café-houston-6,Barnaby's Café,"['burgers', 'tradamerican', 'sandwiches']",29.753573,-95.386955,TX,"6100 Main St, Houston, TX 77005",3833.9640046976,4,244,False,No,No,Yes,Yes,,Lunch,"Street, Private Lot",Yes,Yes,Yes,Yes,Casual,Casual,Average,Beer & Wine Only,No,Free,No,,Yes,No,No,2
thai-village-restaurant-houston,Thai Village Restaurant,"['thai', 'vietnamese']",29.716888,-95.417137,TX,"6100 Main St, Houston, TX 77005",2033.3004669529,3,106,False,No,Yes,Yes,Yes,,"Lunch, Dinner",Street,Yes,Yes,Yes,Yes,Casual,Casual,Average,Beer & Wine Only,No,No,Yes,,Yes,Yes,,2
skol-casbar-and-grille-houston,Skol Casbar & Grille,"['bars', 'tradamerican']",29.7444,-95.365555,TX,"6100 Main St, Houston, TX 77005",4016.3888792214,4.5,15,False,Yes,No,Yes,Yes,,,"Street, Private Lot",,,No,Yes,Casual,,Average,Full Bar,Yes,Free,No,,Yes,,,2
the-rice-box-truck-houston,The Rice Box Truck,"['foodstands', 'chinese']",29.743,-95.401001,TX,"6100 Main St, Houston, TX 77005",2586.7189924356,3.5,92,False,No,No,Yes,Yes,,Late Night,Street,No,,Yes,Yes,Casual,Casual,Average,No,No,No,No,Yes,No,Yes,,1
salata-houston-8,Salata,"['food', 'salad']",29.7091951221,-95.4014305025,TX,"6100 Main St, Houston, TX 77005",1320.231062009,3.5,32,False,No,No,Yes,Yes,,Lunch,Garage,No,Yes,No,No,Casual,Casual,Average,No,Yes,No,No,,No,,,2
gyu-kaku-japanese-bbq-houston,Gyu-Kaku Japanese BBQ,"['japanese', 'bbq']",29.7507967,-95.375609,TX,"6100 Main St, Houston, TX 77005",3961.7102552704,4,247,False,No,No,No,Yes,,Dinner,Private Lot,Yes,,Yes,Yes,Casual,Trendy,Average,Full Bar,No,No,No,,Yes,No,,2
auntie-changs-dumpling-house-houston-2,Auntie Chang's Dumpling House,['chinese'],29.7415409,-95.4106064,TX,"6100 Main St, Houston, TX 77005",2681.4615896974,3,183,False,Yes,Yes,Yes,Yes,,Lunch,Private Lot,Yes,Yes,Yes,Yes,Casual,Casual,Quiet,Beer & Wine Only,No,No,Yes,,Yes,No,,1
asahi-sushi-houston,Asahi Sushi,['sushi'],29.68877,-95.4131533,TX,"6100 Main St, Houston, TX 77005",3839.3132704311,4,95,False,Yes,No,Yes,Yes,,Lunch,Private Lot,Yes,Yes,Yes,Yes,Casual,Casual,Average,Beer & Wine Only,Yes,No,Yes,No,Yes,Yes,,2
churrascos-river-oaks-houston-2,Churrascos River Oaks,"['latin', 'seafood', 'brazilian']",29.742367,-95.409116,TX,"6100 Main St, Houston, TX 77005",2764.9457326343,4,195,False,Yes,No,Yes,Yes,,Dinner,Private Lot,No,Yes,No,Yes,Casual,Classy,Average,Full Bar,Yes,No,No,,Yes,Yes,,3
little-matts-houston-2,Little Matt's,"['tex-mex', 'burgers', 'sandwiches']",29.71587,-95.433533,TX,"6100 Main St, Houston, TX 77005",3623.9853123144,3.5,36,False,No,No,Yes,Yes,,Lunch,Street,Yes,,Yes,Yes,Casual,Casual,Average,No,Yes,Free,Yes,,No,Yes,No,2
broke-ass-pizza-houston,Broke Ass Pizza,"['pizza', 'vegan']",29.731284,-95.353072,TX,"6100 Main St, Houston, TX 77005",4365.9325033397,4.5,9,False,No,Yes,Yes,Yes,,,Street,Yes,,Yes,Yes,Casual,,Quiet,No,No,No,No,No,No,Yes,,2
bon-baguette-houston,Bon Baguette,"['juicebars', 'sandwiches', 'vietnamese']",29.7062916309,-95.4170966148,TX,"6100 Main St, Houston, TX 77005",2518.8358019262,3.5,65,False,No,Yes,Yes,Yes,,Lunch,Private Lot,No,,Yes,Yes,Casual,Casual,Quiet,No,No,Free,Yes,,No,Yes,,1
myth-kafe-houston-8,Myth Kafe,"['greek', 'desserts', 'mediterranean']",29.7470526301,-95.3637696958,TX,"6100 Main St, Houston, TX 77005",4350.0723212768,4.5,82,False,No,Yes,Yes,Yes,No,Brunch,Private Lot,Yes,Yes,Yes,Yes,Casual,,Average,,No,Free,No,,Yes,Yes,,2
snap-kitchen-houston-11,Snap Kitchen,"['salad', 'vegan', 'gluten_free']",29.7355910805,-95.3914651339,TX,"6100 Main St, Houston, TX 77005",1789.079735802,3.5,12,False,No,No,Yes,Yes,,Brunch,,Yes,,Yes,No,Casual,Casual,Quiet,No,No,No,No,,No,No,,2
fine-art-food-trucks-mfah-houston,FIne Art Food Trucks - MFAH,['foodstands'],29.7261505,-95.3910599,TX,"6100 Main St, Houston, TX 77005",850.5135070385,3,7,False,Yes,No,Yes,Yes,,,,,,Yes,Yes,Casual,,Average,,Yes,,No,,,,,2
kata-robata-sushi-and-grill-houston,Kata Robata Sushi & Grill,"['sushi', 'japanese']",29.733787,-95.41874,TX,"6100 Main St, Houston, TX 77005",2640.4590913206,4,620,False,Yes,No,Yes,Yes,,Dinner,Private Lot,No,Yes,No,Yes,Casual,Trendy,Average,Full Bar,Yes,No,No,,Yes,No,,3
pappadeaux-seafood-kitchen-houston-20,Pappadeaux Seafood Kitchen,"['seafood', 'cajun']",29.73477,-95.416466,TX,"6100 Main St, Houston, TX 77005",2533.3377599234,3.5,210,False,Yes,No,Yes,Yes,,"Lunch, Dinner",Private Lot,No,Yes,Yes,Yes,Casual,Casual,Average,Full Bar,Yes,No,Yes,,Yes,Yes,,2
ponzos-italian-food-houston,Ponzo's Italian Food,"['italian', 'pizza']",29.7486138173,-95.3786760823,TX,"6100 Main St, Houston, TX 77005",3604.8056757119,4,121,False,No,Yes,Yes,Yes,,"Lunch, Dinner",Private Lot,Yes,Yes,Yes,No,Casual,Casual,Average,Beer & Wine Only,Yes,No,No,,Yes,Yes,,1
el-pueblito-place-houston,El Pueblito Place,"['mexican', 'seafood', 'latin']",29.734281,-95.398634,TX,"6100 Main St, Houston, TX 77005",1593.1682095735,3,153,False,Yes,No,Yes,Yes,,Dinner,"Valet, Private Lot",Yes,Yes,Yes,Yes,Casual,Casual,Average,Full Bar,Yes,No,No,,Yes,No,,2
sonoma-wine-bar-and-restaurant-houston,Sonoma Wine Bar & Restaurant,"['wine_bars', 'newamerican', 'champagne_bars']",29.7344229,-95.4208099,TX,"6100 Main St, Houston, TX 77005",2845.0765306103,4,153,False,Yes,No,Yes,Yes,,Dinner,Private Lot,Yes,Yes,No,Yes,Casual,Romantic,Average,Beer & Wine Only,Yes,Free,No,Yes,Yes,No,,2
acadian-bakery-houston,Acadian Bakery,"['bakeries', 'delis']",29.7389946,-95.3867416,TX,"6100 Main St, Houston, TX 77005",2307.3547854821,3.5,52,False,No,No,Yes,Yes,,Lunch,Private Lot,No,Yes,Yes,No,Casual,Casual,Quiet,No,No,No,No,,No,Yes,,2
potbelly-sandwich-shop-west-university-place,Potbelly Sandwich Shop,['sandwiches'],29.7202301,-95.4188232,TX,"6100 Main St, Houston, TX 77005",2162.5078288411,4,27,False,No,Yes,Yes,Yes,,Lunch,Private Lot,Yes,,Yes,Yes,Casual,Casual,Average,No,No,Free,No,,No,Yes,,1
murphys-deli-houston-71,Murphy's Deli,['sandwiches'],29.710678,-95.400856,TX,"6100 Main St, Houston, TX 77005",1089.576845562,3.5,5,False,No,No,Yes,Yes,,,,,,No,Yes,Casual,,,,No,,No,,,,,2
corner-bakery-cafe-houston,Corner Bakery Cafe,"['bakeries', 'cafes', 'breakfast_brunch']",29.729652362,-95.4198877886,TX,"6100 Main St, Houston, TX 77005",2504.5762472843,3.5,89,False,No,No,Yes,Yes,,Lunch,Private Lot,Yes,Yes,Yes,Yes,Casual,Casual,Average,No,Yes,Free,No,,No,Yes,,1
jade-stone-cafe-at-asia-society-houston-2,Jade Stone Cafe At Asia Society,['cafes'],29.7265610844,-95.3843139857,TX,"6100 Main St, Houston, TX 77005",1379.0540243054,4,4,False,No,No,Yes,Yes,,,"Street, Private Lot",No,Yes,Yes,Yes,Casual,,Quiet,No,Yes,Free,No,No,No,No,,1
happy-endings-houston-2,Happy Endings,"['foodtrucks', 'asianfusion']",29.7141024425,-95.4285985944,TX,"6100 Main St, Houston, TX 77005",3179.1282167186,3.5,55,False,No,No,Yes,Yes,,Dinner,Private Lot,No,Yes,Yes,Yes,Casual,,,No,Yes,No,No,,No,Yes,,1
georges-bistro-houston-2,Georges Bistro,['french'],29.74437,-95.3837099,TX,"6100 Main St, Houston, TX 77005",2965.7070569723,3.5,16,False,Yes,No,No,Yes,,Lunch,Valet,Yes,,No,Yes,Casual,,Quiet,Beer & Wine Only,No,No,No,,Yes,,,2
zoës-kitchen-houston-19,Zoës Kitchen,"['greek', 'mediterranean', 'newamerican']",29.733026,-95.410331,TX,"6100 Main St, Houston, TX 77005",1973.1337521172,3,69,False,No,No,Yes,Yes,,Lunch,Private Lot,No,Yes,Yes,Yes,Casual,Casual,Average,No,Yes,Free,No,,No,No,,1
royal-oak-bar-and-grill-houston,Royal Oak Bar and Grill,"['pubs', 'tradamerican']",29.743971,-95.395355,TX,"6100 Main St, Houston, TX 77005",2657.9996829137,3,249,False,No,No,No,Yes,,Brunch,Private Lot,Yes,Yes,No,Yes,Casual,Trendy,Average,Full Bar,Yes,No,Yes,,Yes,No,,2
captain-bennys-half-shell-oyster-bar-houston,Captain Benny's Half Shell Oyster Bar,"['seafood', 'cajun']",29.690851,-95.417885,TX,"6100 Main St, Houston, TX 77005",3855.1688647053,4,95,False,No,No,Yes,Yes,,"Lunch, Dinner",Private Lot,No,Yes,Yes,Yes,Casual,Casual,Average,Beer & Wine Only,No,No,Yes,,Yes,No,,2
pinks-pizza-houston-4,Pink's Pizza,['pizza'],29.725757,-95.421676,TX,"6100 Main St, Houston, TX 77005",2534.1902923001,3.5,113,False,No,Yes,Yes,Yes,,"Lunch, Dinner",Private Lot,No,Yes,Yes,No,Casual,Casual,Average,No,No,No,Yes,,No,No,,2
cafe-4212-houston,Cafe 4212,"['jazzandblues', 'bars', 'newamerican']",29.7308620638,-95.3759086132,TX,"6100 Main St, Houston, TX 77005",2313.9173004008,3.5,19,False,No,No,No,Yes,,,,Yes,,No,Yes,Casual,,,Full Bar,Yes,,Yes,,,,,2
glorias-latin-cuisine-houston-2,Gloria's Latin Cuisine,"['tex-mex', 'danceclubs', 'salvadoran']",29.7466220856,-95.3773727417,TX,"6100 Main St, Houston, TX 77005",3476.3936162691,3.5,191,False,No,No,Yes,Yes,,Brunch,"Valet, Street",Yes,Yes,No,Yes,Casual,Trendy,Loud,Full Bar,Yes,Free,Yes,No,Yes,No,,2
o-yeah-cafe-houston,O'yeah Cafe,"['cafes', 'szechuan']",29.727401,-95.419044,TX,"6100 Main St, Houston, TX 77005",2346.2289596629,3,63,False,No,Yes,Yes,Yes,,Lunch,Private Lot,,,Yes,Yes,Casual,Casual,Quiet,No,No,No,Yes,,Yes,Yes,,2
pizza-l-vino-houston-2,Pizza L'Vino,['pizza'],29.7174616903,-95.4171703756,TX,"6100 Main St, Houston, TX 77005",2026.1935321741,3.5,12,False,No,Yes,Yes,Yes,,,,Yes,,Yes,No,Casual,,Average,Beer & Wine Only,No,,No,,,,,2
raising-canes-chicken-fingers-houston-9,Raising Cane's Chicken Fingers,"['newamerican', 'hotdogs', 'chicken_wings']",29.7428036552,-95.4073392038,TX,"6100 Main St, Houston, TX 77005",2737.9287346651,3.5,21,False,No,No,Yes,Yes,,Brunch,,Yes,,Yes,Yes,Casual,,Average,No,No,No,No,,No,Yes,Yes,1
smashburger-houston-24,Smashburger,['burgers'],29.7265519609,-95.4281908773,TX,"6100 Main St, Houston, TX 77005",3152.3293044806,4,118,False,No,No,Yes,Yes,,Lunch,Private Lot,No,Yes,Yes,Yes,Casual,Casual,Average,Beer & Wine Only,No,No,No,,No,No,No,1
sushi-king-houston,Sushi King,"['sushi', 'japanese']",29.734875,-95.417625,TX,"6100 Main St, Houston, TX 77005",2704.954604708,3.5,199,False,Yes,No,Yes,Yes,,Dinner,Private Lot,No,Yes,Yes,Yes,Casual,Classy,Average,Full Bar,Yes,No,Yes,,Yes,No,,2
maria-selma-restaurant-houston,Maria Selma Restaurant,['mexican'],29.7342731059,-95.4000531882,TX,"6100 Main St, Houston, TX 77005",1627.0230851007,3.5,79,False,Yes,No,Yes,Yes,,Dinner,Private Lot,Yes,Yes,Yes,Yes,Casual,Casual,Average,Full Bar,Yes,Free,Yes,,Yes,Yes,,2
the-phoenix-on-westheimer-houston,The Phoenix On Westheimer,"['sportsbars', 'pubs', 'tradamerican']",29.742491,-95.407707,TX,"6100 Main St, Houston, TX 77005",2740.9284489121,3.5,142,False,No,No,Yes,Yes,,"Brunch, Dinner, Late Night","Street, Private Lot",Yes,Yes,No,Yes,Casual,Casual,Average,Full Bar,Yes,Free,Yes,Yes,Yes,Yes,,2
edloe-st-cafe-and-catering-houston-2,Edloe St. Cafe & Catering,['delis'],29.716156,-95.433502,TX,"6100 Main St, Houston, TX 77005",3608.679157208,4,25,False,No,No,Yes,Yes,,Breakfast,Street,Yes,Yes,Yes,Yes,Casual,,Quiet,Beer & Wine Only,Yes,Free,No,,No,Yes,,1
houstons-famous-deli-houston,Houston's Famous Deli,"['catering', 'delis', 'sandwiches']",29.6851234,-95.3992538,TX,"6100 Main St, Houston, TX 77005",3876.0441986602,4,38,False,No,Yes,Yes,Yes,,Lunch,Private Lot,Yes,Yes,Yes,Yes,Casual,Casual,Quiet,No,No,No,No,,No,Yes,,1
freds-italian-corner-restaurant-houston,Fred's Italian Corner Restaurant,['italian'],29.7064470175,-95.4119478054,TX,"6100 Main St, Houston, TX 77005",2133.54356374,3.5,74,False,Yes,Yes,Yes,Yes,,Lunch,Private Lot,Yes,Yes,Yes,Yes,Casual,Casual,Average,Beer & Wine Only,Yes,Free,Yes,,Yes,Yes,,2
cleburne-cafeteria-houston-2,Cleburne Cafeteria,"['tradamerican', 'southern', 'comfortfood']",29.7256388927,-95.4326151855,TX,"6100 Main St, Houston, TX 77005",3550.5810514561,3.5,115,False,No,Yes,Yes,No,No,Lunch,Private Lot,Yes,Yes,Yes,Yes,Casual,Casual,Average,No,No,Free,No,,No,Yes,,2
baker-st-pub-and-grill-houston-2,Baker St. Pub & Grill,"['pubs', 'tradamerican']",29.7162647,-95.4150543,TX,"6100 Main St, Houston, TX 77005",1879.3189505411,3,137,False,No,No,No,Yes,,"Dinner, Late Night","Garage, Street, Validated",Yes,Yes,No,Yes,Casual,Casual,Loud,Full Bar,Yes,Free,Yes,Yes,Yes,No,,2
tinys-no-5-west-university-place,Tinys No 5,"['desserts', 'pizza', 'newamerican']",29.717407,-95.433486,TX,"6100 Main St, Houston, TX 77005",3588.8056918367,3,102,False,No,No,Yes,Yes,,Brunch,Private Lot,Yes,,Yes,Yes,Casual,Trendy,Average,Full Bar,Yes,No,No,,Yes,No,,2
little-jimmys-deli-houston,Little Jimmy's Deli,"['delis', 'sandwiches']",29.7325779498,-95.4388513416,TX,"6100 Main St, Houston, TX 77005",4327.5478306185,4.5,128,False,No,No,Yes,Yes,,Lunch,Private Lot,Yes,,Yes,Yes,Casual,Casual,Average,No,Yes,No,Yes,,No,Yes,,1
jollibee-houston,Jollibee,"['filipino', 'hotdogs']",29.693373,-95.414575,TX,"6100 Main St, Houston, TX 77005",3449.7535927165,3.5,180,False,No,No,Yes,Yes,,Lunch,Private Lot,No,,Yes,Yes,Casual,Casual,Average,No,No,No,No,,No,No,Yes,1
freebirds-world-burrito-houston-6,Freebirds World Burrito,['mexican'],29.691757,-95.412262,TX,"6100 Main St, Houston, TX 77005",3485.8799030708,4,58,False,No,No,Yes,Yes,,Lunch,Private Lot,No,,Yes,Yes,Casual,Casual,Average,Beer & Wine Only,Yes,No,No,,No,Yes,,1
chuys-houston,Chuy's,"['mexican', 'tex-mex']",29.742458,-95.420319,TX,"6100 Main St, Houston, TX 77005",3394.3518634186,3.5,449,False,No,No,Yes,Yes,,"Lunch, Dinner",Private Lot,Yes,Yes,Yes,Yes,Casual,Casual,Loud,Full Bar,Yes,No,Yes,,Yes,Yes,,2
crave-sushi-houston,Crave Sushi,"['sushi', 'japanese', 'seafood']",29.7436094047,-95.3772273056,TX,"6100 Main St, Houston, TX 77005",3205.0598068077,3.5,350,False,Yes,No,Yes,Yes,,Dinner,"Valet, Street, Private Lot",Yes,Yes,No,Yes,Casual,Trendy,Average,Full Bar,Yes,Free,Yes,No,Yes,Yes,,2
buffalo-wild-wings-houston-12,Buffalo Wild Wings,"['tradamerican', 'sportsbars', 'chicken_wings']",29.717301282,-95.4176697591,TX,"6100 Main St, Houston, TX 77005",2076.513023708,2.5,98,False,Yes,No,Yes,Yes,,"Lunch, Dinner","Street, Private Lot",Yes,Yes,Yes,Yes,Casual,Casual,Loud,Full Bar,No,Free,Yes,,Yes,Yes,,2
morningside-thai-houston,Morningside Thai,['thai'],29.6959631606,-95.4161641866,TX,"6100 Main St, Houston, TX 77005",3291.6489312766,3.5,69,False,No,Yes,Yes,Yes,,Lunch,Private Lot,No,,Yes,Yes,Casual,Casual,Quiet,No,Yes,No,No,,Yes,No,,2
perú-gourmet-houston,Perú Gourmet,"['foodtrucks', 'peruvian']",29.7067314609,-95.4179953637,TX,"6100 Main St, Houston, TX 77005",2559.5464245186,3.5,13,False,No,No,Yes,Yes,,,,Yes,,No,No,Casual,,Quiet,No,No,No,No,,No,Yes,,2
el-tiempo-1308-cantina-houston,El Tiempo 1308 Cantina,['tex-mex'],29.7552547,-95.3924026,TX,"6100 Main St, Houston, TX 77005",3910.2499971415,4,248,False,Yes,No,Yes,Yes,,Dinner,Private Lot,Yes,Yes,Yes,Yes,Casual,Casual,Loud,Full Bar,Yes,No,Yes,,Yes,Yes,,2
brasserie-19-houston,Brasserie 19,"['french', 'brasseries']",29.7531948,-95.4072266,TX,"6100 Main St, Houston, TX 77005",3835.2647877494,3.5,284,False,Yes,No,Yes,Yes,,Dinner,Valet,No,Yes,No,Yes,Dressy,Trendy,Average,Full Bar,Yes,Free,No,Yes,Yes,Yes,,3
saint-danes-bar-and-grille-houston-2,Saint Dane's Bar & Grille,"['sportsbars', 'tradamerican']",29.743898,-95.3812458,TX,"6100 Main St, Houston, TX 77005",3025.6769817444,3.5,204,False,Yes,No,Yes,Yes,No,Dinner,"Street, Private Lot",Yes,Yes,No,Yes,Casual,Casual,Loud,Full Bar,Yes,Free,Yes,,Yes,No,,1
100-taquito-houston,100% Taquito,['mexican'],29.7291088,-95.4296951,TX,"6100 Main St, Houston, TX 77005",3489.7088274033,3.5,249,False,No,No,Yes,Yes,,Lunch,Private Lot,Yes,Yes,Yes,Yes,Casual,Casual,Average,Full Bar,Yes,No,Yes,,No,No,,1
artisans-restaurant-houston,Artisans Restaurant,"['french', 'newamerican', 'steak']",29.7425096584,-95.3799537073,TX,"6100 Main St, Houston, TX 77005",2956.6651600861,4,197,False,Yes,No,No,Yes,No,Dinner,"Valet, Garage",No,Yes,No,Yes,Dressy,Upscale,Average,Full Bar,No,No,No,No,Yes,Yes,,3
breakfast-burritos-anonymous-houston,Breakfast Burritos Anonymous,"['foodtrucks', 'breakfast_brunch']",29.7513002,-95.3917515,TX,"6100 Main St, Houston, TX 77005",3500.0243416617,4,17,False,No,No,Yes,Yes,,Breakfast,,Yes,,Yes,Yes,Casual,,Average,No,Yes,No,No,,No,No,,1
island-sizzler-jamaican-rum-bar-and-grill-houston,Island Sizzler Jamaican Rum Bar & Grill,"['caribbean', 'sportsbars']",29.6852666,-95.3983705,TX,"6100 Main St, Houston, TX 77005",3876.2042235129,4,92,False,No,No,Yes,Yes,,Dessert,Private Lot,Yes,,Yes,Yes,Casual,Casual,Average,Full Bar,No,Free,Yes,,Yes,Yes,,1
au-bon-pain-houston-5,Au Bon Pain,"['sandwiches', 'salad', 'breakfast_brunch']",29.7128110401,-95.4019466455,TX,"6100 Main St, Houston, TX 77005",969.6798745294,3.5,14,False,No,No,Yes,Yes,,Breakfast,,,,Yes,Yes,Casual,,Average,No,No,Free,Yes,,No,Yes,,2
sushi-rock-houston,Sushi Rock,"['sushi', 'japanese', 'thai']",29.706357,-95.414868,TX,"6100 Main St, Houston, TX 77005",2347.0246701941,3,70,False,Yes,No,Yes,Yes,,Lunch,Private Lot,Yes,Yes,Yes,Yes,Casual,Casual,Quiet,Beer & Wine Only,No,No,Yes,,Yes,No,,2
peru-cafe-express-houston,Peru Cafe Express,"['peruvian', 'cafes']",29.7288269,-95.4384982,TX,"6100 Main St, Houston, TX 77005",4179.1173673642,4,72,False,No,Yes,Yes,Yes,,Lunch,Private Lot,No,,Yes,No,Casual,Casual,Average,No,No,No,Yes,,Yes,No,,2
les-sauvages-houston,Les Sauvages,['newamerican'],29.737381,-95.383827,TX,"6100 Main St, Houston, TX 77005",2278.8577897206,5,1,False,No,,,Yes,,,,,,No,Yes,,,,,,,,,,,,
taco-cabana-houston-9,Taco Cabana,['mexican'],29.731516,-95.418022,TX,"6100 Main St, Houston, TX 77005",2486.7147676532,3,48,False,No,No,Yes,Yes,,Breakfast,Private Lot,No,,Yes,Yes,Casual,Casual,Average,Beer & Wine Only,Yes,No,No,,No,Yes,,1
tiny-boxwoods-houston,Tiny Boxwoods,"['breakfast_brunch', 'diners', 'cafes']",29.73851,-95.435096,TX,"6100 Main St, Houston, TX 77005",4260.6311179,3.5,477,False,No,No,Yes,Yes,,Brunch,"Street, Private Lot",Yes,Yes,Yes,Yes,Casual,Classy,Average,Beer & Wine Only,Yes,No,No,,Yes,No,,2
prima-pasta-houston-3,Prima Pasta,"['italian', 'pizza']",29.705457,-95.417953,TX,"6100 Main St, Houston, TX 77005",2634.8464629554,3,62,False,Yes,Yes,Yes,Yes,,Dinner,Private Lot,Yes,Yes,Yes,Yes,Casual,Casual,Quiet,Beer & Wine Only,Yes,Free,Yes,,Yes,Yes,,2
indika-houston,Indika,['indpak'],29.7447605,-95.3878784,TX,"6100 Main St, Houston, TX 77005",2850.6085363324,4,266,False,Yes,No,Yes,Yes,,Dinner,Valet,No,Yes,No,Yes,Dressy,Trendy,Average,Full Bar,Yes,No,No,,Yes,Yes,,3
