id,name,categories,latitude,longitude,state,college,distance_from_college,rating,review_count,permanently_closed,TakesReservations,Delivery,Take-out,AcceptsCreditCards,AcceptsBitcoin,GoodFor,Parking,BikeParking,WheelchairAccessible,GoodforKids,GoodforGroups,Attire,Ambience,NoiseLevel,Alcohol,OutdoorSeating,Wi-Fi,HasTV,DogsAllowed,WaiterService,Caters,Drive-Thru,Price
five-on-black-missoula,Five on Black,"['brazilian', 'hotdogs']",46.872852,-113.9938406,MT,"32 Campus Dr, Missoula, MT 59812",1444.4123635173328,4.5,67,False,No,No,Yes,Yes,,Lunch,Street,Yes,Yes,Yes,Yes,Casual,Casual,Average,No,Yes,Free,No,,No,No,No,1
dinosaur-cafe-missoula,Dinosaur Cafe,"['tradamerican', 'cajun']",46.8736916,-113.9926834,MT,"32 Campus Dr, Missoula, MT 59812",1504.9288763754364,4.0,29,False,No,No,Yes,No,,Dinner,Street,Yes,Yes,No,Yes,Casual,"Divey, Casual",Very Loud,Full Bar,No,No,Yes,,No,No,,1
biga-pizza-missoula,Biga Pizza,"['pizza', 'italian']",46.871799,-113.997536,MT,"32 Campus Dr, Missoula, MT 59812",1504.400050203588,4.5,163,False,Yes,No,Yes,Yes,,Dinner,Street,Yes,Yes,Yes,Yes,Casual,Casual,Average,Beer & Wine Only,Yes,Free,No,,Yes,Yes,,2
red-bird-restaurant-and-wine-bar-missoula-2,Red Bird Restaurant and Wine Bar,['newamerican'],46.8703804,-113.9954224,MT,"32 Campus Dr, Missoula, MT 59812",1287.8908786214083,4.0,67,False,Yes,No,No,Yes,,Dinner,Street,Yes,Yes,No,Yes,Dressy,Romantic,Average,Beer & Wine Only,No,No,No,,Yes,Yes,,3
plonk-missoula,Plonk,"['wine_bars', 'newamerican']",46.872736,-113.993209,MT,"32 Campus Dr, Missoula, MT 59812",1410.9057623318347,4.5,55,False,Yes,No,No,Yes,,"Dinner, Dessert",Street,Yes,Yes,No,Yes,Casual,Trendy,Average,Full Bar,Yes,Free,No,No,Yes,No,,3
hob-nob-on-higgins-missoula,Hob Nob On Higgins,['breakfast_brunch'],46.8661670386791,-113.997541666031,MT,"32 Campus Dr, Missoula, MT 59812",1100.830669894842,4.0,103,False,No,No,Yes,Yes,,"Breakfast, Brunch",Street,Yes,Yes,Yes,No,Casual,Casual,Average,No,Yes,Free,No,,No,No,,1
the-silk-road-missoula,The Silk Road,"['tapasmallplates', 'gluten_free']",46.866603,-113.997947,MT,"32 Campus Dr, Missoula, MT 59812",1148.7540080422095,4.0,105,False,Yes,No,Yes,Yes,,Dinner,Street,Yes,Yes,No,Yes,Casual,Hipster,Average,Beer & Wine Only,No,No,No,,Yes,Yes,,2
greek-gyros-and-pastry-shop-missoula,Greek Gyros & Pastry Shop,['greek'],46.8652191,-114.0041428,MT,"32 Campus Dr, Missoula, MT 59812",1527.1397377298845,4.5,65,False,No,No,Yes,Yes,,Lunch,Street,Yes,Yes,Yes,Yes,Casual,Casual,Average,No,Yes,No,No,,No,No,,1
tamarack-brewing-company-missoula,Tamarack Brewing Company,"['sportsbars', 'breweries', 'tradamerican']",46.8709667728939,-113.997316360474,MT,"32 Campus Dr, Missoula, MT 59812",1422.99976174619,3.5,109,False,No,No,Yes,Yes,,Dinner,Street,Yes,,Yes,Yes,Casual,Casual,Average,Full Bar,Yes,Free,Yes,,Yes,No,,2
tagliare-delicatessen-missoula,Tagliare Delicatessen,"['delis', 'sandwiches']",46.857811,-113.9975739,MT,"32 Campus Dr, Missoula, MT 59812",1053.544947556141,4.5,44,False,No,No,Yes,Yes,,Lunch,"Street, Private Lot",Yes,Yes,Yes,No,Casual,"Hipster, Casual",Average,No,Yes,Free,No,No,No,Yes,,2
blue-bison-grill-missoula,Blue Bison Grill,['tradamerican'],46.8702316,-113.9960785,MT,"32 Campus Dr, Missoula, MT 59812",1298.8054594229618,4.5,10,False,No,,Yes,Yes,,,Street,,,No,Yes,Casual,Divey,Average,Full Bar,No,No,Yes,,No,Yes,,1
double-front-cafe-missoula,Double Front Cafe,['tradamerican'],46.875557,-113.992836,MT,"32 Campus Dr, Missoula, MT 59812",1686.6370389939036,4.0,46,False,No,No,Yes,Yes,,Dinner,Street,Yes,Yes,Yes,Yes,Casual,Casual,Average,Full Bar,No,No,Yes,,Yes,No,,1
caffè-dolce-missoula-2,Caffè Dolce,"['coffee', 'newamerican']",46.8594702333212,-114.002321362495,MT,"32 Campus Dr, Missoula, MT 59812",1331.6209386026374,4.0,89,False,Yes,No,Yes,Yes,,"Lunch, Dessert",Private Lot,Yes,No,Yes,Yes,Casual,Casual,Average,Beer & Wine Only,Yes,Free,No,,Yes,No,,2
pearl-cafe-missoula,Pearl Cafe,"['french', 'newamerican', 'wine_bars']",46.869338,-113.992779,MT,"32 Campus Dr, Missoula, MT 59812",1067.6229456573485,4.0,50,False,Yes,No,No,Yes,,Dinner,Street,Yes,Yes,No,Yes,Casual,Classy,Quiet,Full Bar,No,No,No,,Yes,,,3
market-on-front-missoula,Market On Front,"['cafes', 'delis', 'sandwiches']",46.8696038649038,-113.993565323398,MT,"32 Campus Dr, Missoula, MT 59812",1126.112113636367,4.5,28,False,No,Yes,Yes,Yes,,"Brunch, Lunch","Garage, Street",Yes,Yes,Yes,Yes,Casual,"Hipster, Trendy",Average,Beer & Wine Only,Yes,Free,No,,No,Yes,,2
bridge-pizza-missoula,Bridge Pizza,"['italian', 'pizza']",46.8657608,-113.9970398,MT,"32 Campus Dr, Missoula, MT 59812",1041.7059838161942,4.0,61,False,No,Yes,Yes,Yes,,"Lunch, Dinner","Street, Private Lot",Yes,Yes,Yes,Yes,Casual,Casual,Average,Beer & Wine Only,Yes,No,No,,No,No,,1
burns-st-bistro-missoula,Burns St Bistro,"['sandwiches', 'breakfast_brunch']",46.885505,-114.014793,MT,"32 Campus Dr, Missoula, MT 59812",3528.260207579631,4.5,67,False,Yes,No,Yes,Yes,,"Breakfast, Brunch","Street, Private Lot",Yes,Yes,Yes,Yes,Casual,Casual,Average,No,Yes,Free,No,,Yes,Yes,,1
the-iron-horse-brew-pub-missoula,The Iron Horse Brew Pub,"['tradamerican', 'pubs', 'burgers']",46.874516,-113.993019,MT,"32 Campus Dr, Missoula, MT 59812",1588.406714761275,3.5,119,False,No,No,Yes,Yes,,Dinner,"Street, Private Lot",Yes,Yes,Yes,Yes,Casual,Casual,Average,Full Bar,Yes,Free,Yes,Yes,Yes,Yes,No,2
flathead-lake-brewing-company-missoula-2,Flathead Lake Brewing Company,"['breweries', 'newamerican']",46.8735886,-113.9927368,MT,"32 Campus Dr, Missoula, MT 59812",1477.8128589109324,3.5,37,False,Yes,No,Yes,Yes,,"Lunch, Dinner",Street,Yes,,No,Yes,Casual,Trendy,Quiet,Beer & Wine Only,No,No,Yes,,Yes,No,,2
james-bar-missoula,James Bar,"['tapas', 'wine_bars']",46.875088,-113.993263,MT,"32 Campus Dr, Missoula, MT 59812",1650.574080233112,4.0,50,False,No,No,Yes,Yes,,"Dinner, Late Night",Street,Yes,,No,Yes,Casual,Classy,Average,Full Bar,Yes,No,Yes,,Yes,No,,2
scottys-table-missoula,Scotty's Table,['newamerican'],46.869717,-113.996109,MT,"32 Campus Dr, Missoula, MT 59812",1260.0893069004183,4.0,50,False,Yes,No,Yes,Yes,,Dinner,Street,Yes,Yes,No,Yes,Casual,Classy,Quiet,Beer & Wine Only,Yes,No,No,,Yes,No,,3
top-hat-missoula-2,Top Hat,"['bars', 'tapasmallplates', 'musicvenues']",46.8705892,-113.9962439,MT,"32 Campus Dr, Missoula, MT 59812",1337.91301252536,4.0,31,False,No,No,No,Yes,,Late Night,Street,Yes,,No,Yes,Casual,Casual,Average,Full Bar,Yes,Paid,No,,Yes,No,,2
the-shack-missoula,The Shack,['breakfast_brunch'],46.8717983365059,-113.996557965875,MT,"32 Campus Dr, Missoula, MT 59812",1470.4237910279462,3.5,65,False,Yes,No,Yes,Yes,,Breakfast,Street,Yes,Yes,Yes,Yes,Casual,Casual,Average,Beer & Wine Only,Yes,,No,,Yes,Yes,,2
docs-gourmet-sandwich-express-missoula,Doc's Gourmet Sandwich Express,['sandwiches'],46.8713765591383,-113.99444103241,MT,"32 Campus Dr, Missoula, MT 59812",1332.2734493356686,4.0,16,False,No,Yes,Yes,Yes,,,,Yes,,Yes,Yes,Casual,,Average,,Yes,,No,,,,,1
el-diablo-missoula,El Diablo,['mexican'],46.8576088,-113.9975739,MT,"32 Campus Dr, Missoula, MT 59812",1076.6589528059128,4.0,40,False,No,No,Yes,Yes,,Lunch,Private Lot,Yes,Yes,Yes,Yes,Casual,Casual,Average,No,Yes,No,No,,No,,,1
iza-restaurant-missoula,Iza Restaurant,['asianfusion'],46.8661690503359,-113.997541666031,MT,"32 Campus Dr, Missoula, MT 59812",1100.0106265034979,3.5,58,False,Yes,No,Yes,Yes,,Dinner,Street,Yes,Yes,No,No,Casual,Trendy,Average,Beer & Wine Only,Yes,No,No,,Yes,Yes,,2
good-food-store-missoula-2,Good Food Store,"['grocery', 'healthmarkets', 'gluten_free']",46.867458,-114.020339,MT,"32 Campus Dr, Missoula, MT 59812",2772.9863111554573,4.0,51,False,No,No,Yes,Yes,,Brunch,Private Lot,Yes,Yes,Yes,Yes,Casual,Trendy,Average,Beer & Wine Only,Yes,No,No,,No,Yes,,2
lisas-pasty-pantry-missoula,Lisa's Pasty Pantry,"['burgers', 'sandwiches']",46.850006,-114.028694,MT,"32 Campus Dr, Missoula, MT 59812",3562.6441054177717,5.0,19,False,No,No,Yes,Yes,,,,Yes,,Yes,Yes,Casual,Casual,Quiet,No,No,Free,No,,Yes,Yes,No,1
catalyst-espresso-missoula,Catalyst Espresso,"['coffee', 'breakfast_brunch']",46.8703804,-113.9954224,MT,"32 Campus Dr, Missoula, MT 59812",1279.6386209382617,4.5,49,False,No,No,Yes,Yes,,Brunch,Street,Yes,Yes,Yes,Yes,Casual,,Average,No,Yes,No,No,,Yes,,,2
vietnam-grill-missoula,Vietnam Grill,['vietnamese'],46.873352,-113.992752,MT,"32 Campus Dr, Missoula, MT 59812",1458.1115203401444,4.0,28,False,No,No,Yes,Yes,,Lunch,Street,Yes,,Yes,Yes,Casual,Casual,Quiet,No,No,No,No,,Yes,No,,1
el-cazador-missoula,El Cazador,['mexican'],46.8699799,-113.9957581,MT,"32 Campus Dr, Missoula, MT 59812",1252.0132282978534,3.5,55,False,No,No,Yes,Yes,,"Lunch, Dinner",Street,Yes,Yes,Yes,Yes,Casual,Casual,Average,Beer & Wine Only,No,No,No,,Yes,Yes,,2
the-buttercup-market-and-cafe-missoula,The Buttercup Market & Cafe,"['bakeries', 'coffee', 'breakfast_brunch']",46.8592606,-113.9910278,MT,"32 Campus Dr, Missoula, MT 59812",511.31973074263624,4.0,10,False,No,No,Yes,Yes,,,Street,,Yes,Yes,Yes,Casual,,,,,,,,,,,1
the-old-post-missoula,The Old Post,"['pubs', 'newamerican']",46.8740748614073,-113.993063047528,MT,"32 Campus Dr, Missoula, MT 59812",1556.4082675047032,3.5,41,False,No,No,Yes,Yes,,Lunch,"Street, Private Lot",Yes,Yes,Yes,Yes,Casual,Casual,Average,Full Bar,Yes,,Yes,,Yes,No,,2
ciao-mambo-missoula,Ciao Mambo,['italian'],46.8661613464355,-113.99779510498,MT,"32 Campus Dr, Missoula, MT 59812",1114.7241097164706,3.5,52,False,Yes,No,Yes,Yes,,Dinner,Street,Yes,Yes,Yes,Yes,Casual,Classy,Average,Beer & Wine Only,Yes,Free,No,,Yes,No,,2
black-cat-bake-shop-missoula,Black Cat Bake Shop,"['bakeries', 'breakfast_brunch', 'gluten_free']",46.8829498,-114.0224915,MT,"32 Campus Dr, Missoula, MT 59812",3727.7426476764995,5.0,30,False,No,No,Yes,Yes,,,Private Lot,Yes,,Yes,No,Casual,,Quiet,No,Yes,Free,No,,No,Yes,,2
taco-sano-missoula,Taco Sano,['mexican'],46.8659323453903,-113.997827991843,MT,"32 Campus Dr, Missoula, MT 59812",1126.2788812420738,3.5,19,False,No,Yes,Yes,Yes,,Lunch,Street,,,Yes,Yes,Casual,Casual,Average,No,No,,No,,No,No,,1
cafe-zydeco-missoula-2,Cafe Zydeco,['cajun'],46.8514404,-114.0146027,MT,"32 Campus Dr, Missoula, MT 59812",2510.4801022312427,4.0,28,False,No,Yes,Yes,Yes,,,Private Lot,Yes,,No,Yes,Casual,,Average,No,Yes,No,No,,No,,,2
pauls-pancake-parlor-missoula,Paul's Pancake Parlor,"['breakfast_brunch', 'burgers']",46.8495674,-114.0171509,MT,"32 Campus Dr, Missoula, MT 59812",2804.969700258378,4.0,50,False,No,No,Yes,Yes,,Breakfast,Private Lot,Yes,,Yes,Yes,Casual,Divey,Very Loud,No,No,No,No,,Yes,No,No,2
mackenzie-river-pizza-co-missoula-2,MacKenzie River Pizza Co.,"['pizza', 'tradamerican']",46.870331,-113.996445,MT,"32 Campus Dr, Missoula, MT 59812",1322.5899199246248,3.5,22,False,No,No,Yes,Yes,,Dinner,Street,Yes,Yes,Yes,Yes,Casual,Casual,Loud,Beer & Wine Only,Yes,No,No,No,Yes,No,,2
asahi-missoula,Asahi,"['japanese', 'sushi', 'chinese']",46.8530312,-114.0133133,MT,"32 Campus Dr, Missoula, MT 59812",2351.3770527694546,3.5,25,False,Yes,No,Yes,Yes,,"Lunch, Dinner",Private Lot,No,,Yes,Yes,Casual,Casual,Average,Beer & Wine Only,No,No,No,,Yes,No,,2
the-walking-moustache-missoula-2,The Walking Moustache,"['cafes', 'burgers', 'sandwiches']",46.8718106420848,-113.99623026402,MT,"32 Campus Dr, Missoula, MT 59812",1443.786026654607,3.5,36,False,Yes,Yes,Yes,Yes,,,"Garage, Street, Validated",Yes,Yes,Yes,,Casual,,,Beer & Wine Only,Yes,Free,Yes,No,Yes,Yes,No,1
depot-bar-and-restaurant-missoula,Depot Bar & Restaurant,"['seafood', 'steak']",46.875912,-113.993736,MT,"32 Campus Dr, Missoula, MT 59812",1748.6408622635602,3.5,42,False,Yes,No,No,Yes,,Dinner,Street,No,Yes,No,Yes,Casual,Casual,Average,Full Bar,Yes,Free,Yes,,Yes,No,,2
staggering-ox-sandwiches-missoula,Staggering Ox Sandwiches,['sandwiches'],46.8344464,-114.0161222,MT,"32 Campus Dr, Missoula, MT 59812",3822.7643439178464,3.5,28,False,No,No,Yes,Yes,,Lunch,Private Lot,Yes,Yes,Yes,Yes,Casual,,Average,No,Yes,,No,,No,Yes,,1
the-empanada-joint-missoula,The Empanada Joint,['latin'],46.8707085,-113.9940567,MT,"32 Campus Dr, Missoula, MT 59812",1248.1972384738958,4.5,11,False,No,,Yes,Yes,,,Street,Yes,,Yes,Yes,Casual,,Quiet,No,No,Free,No,,,,,1
finn-and-porter-missoula,Finn and Porter,"['newamerican', 'breakfast_brunch']",46.870402,-113.985586,MT,"32 Campus Dr, Missoula, MT 59812",1003.4631587159646,3.0,39,False,Yes,No,No,Yes,,Breakfast,Private Lot,Yes,Yes,No,Yes,Casual,Casual,Average,Full Bar,Yes,No,Yes,,Yes,Yes,,3
vietnam-noodle-restaurant-missoula,Vietnam Noodle Restaurant,['vietnamese'],46.8514099,-114.0124283,MT,"32 Campus Dr, Missoula, MT 59812",2375.1355445185086,3.5,34,False,No,No,Yes,Yes,,"Lunch, Dinner",Private Lot,Yes,Yes,Yes,Yes,Casual,Casual,Quiet,No,No,No,No,,Yes,No,,1
sa-wad-dee-missoula,Sa Wad Dee,['thai'],46.872612,-113.996559,MT,"32 Campus Dr, Missoula, MT 59812",1530.473291964608,3.5,51,False,Yes,No,Yes,Yes,,Dinner,Street,Yes,Yes,Yes,Yes,Casual,Casual,Average,Beer & Wine Only,No,No,No,,Yes,Yes,,2
pita-pit-missoula,Pita Pit,"['mideastern', 'sandwiches']",46.8708,-113.9945526,MT,"32 Campus Dr, Missoula, MT 59812",1272.6492490558674,3.0,16,False,No,Yes,Yes,Yes,,,Street,Yes,No,Yes,Yes,Casual,,Average,No,No,No,No,,No,Yes,,1
wordens-market-deli-missoula,Worden's Market Deli,['delis'],46.8739815,-113.9933167,MT,"32 Campus Dr, Missoula, MT 59812",1538.8721649725221,4.0,28,False,No,No,Yes,Yes,,Lunch,Street,No,Yes,Yes,No,Casual,Casual,Average,Beer & Wine Only,No,Free,No,,No,No,,1
five-guys-burgers-and-fries-missoula,Five Guys Burgers and Fries,"['hotdogs', 'newamerican', 'tradamerican']",46.869356,-113.982979,MT,"32 Campus Dr, Missoula, MT 59812",897.7721752461943,3.5,25,False,No,No,Yes,Yes,,"Lunch, Dinner",Private Lot,Yes,,Yes,Yes,Casual,Casual,Average,No,No,No,No,,No,No,No,1
broadway-bar-and-grill-missoula-4,Broadway Bar & Grill,"['restaurants', 'sportsbars']",46.879505,-114.022026,MT,"32 Campus Dr, Missoula, MT 59812",3473.580631571487,4.0,4,False,No,No,Yes,Yes,,,Private Lot,Yes,Yes,No,Yes,Casual,,,Full Bar,Yes,Free,Yes,,Yes,,,1
mmmm-waffles-missoula-2,Mmmm...Waffles,"['breakfast_brunch', 'foodstands']",46.8585166931152,-114.012397766113,MT,"32 Campus Dr, Missoula, MT 59812",1270.4178322983712,4.5,4,False,,,,No,,,,,,,,,,,,,,,,,,,
feruqis-missoula,Feruqi's,"['bars', 'newamerican']",46.8726616,-113.9934006,MT,"32 Campus Dr, Missoula, MT 59812",1422.3962658644266,2.5,2,False,Yes,No,No,Yes,,,,,,No,Yes,Casual,,Average,Full Bar,No,No,Yes,,No,No,,1
the-montana-club-missoula,The Montana Club,['tradamerican'],46.8463648738331,-114.02037673144,MT,"32 Campus Dr, Missoula, MT 59812",3173.0896261086546,3.0,32,False,No,No,Yes,Yes,,Lunch,Private Lot,Yes,Yes,Yes,Yes,Casual,Casual,Average,Full Bar,No,Free,Yes,No,Yes,Yes,,2
the-keep-restaurant-missoula,The Keep Restaurant,"['steak', 'newamerican']",46.831104,-113.999603,MT,"32 Campus Dr, Missoula, MT 59812",3831.833928675201,3.0,18,False,Yes,No,Yes,Yes,,Dinner,Private Lot,No,Yes,No,Yes,Casual,Intimate,Quiet,Full Bar,Yes,No,No,,Yes,Yes,,2
rattlesnake-gardens-missoula,Rattlesnake Gardens,"['coffee', 'delis']",46.887283,-113.966064,MT,"32 Campus Dr, Missoula, MT 59812",3215.6046813324783,3.5,7,False,No,No,Yes,No,,,,Yes,,Yes,No,Casual,Casual,Quiet,No,Yes,No,No,,Yes,No,,2
face-club-restaurant-missoula,Face Club Restaurant,['thai'],46.8625,-114.011667,MT,"32 Campus Dr, Missoula, MT 59812",2038.772842659343,3.5,21,False,Yes,No,Yes,Yes,,,Garage,Yes,,No,Yes,Casual,Trendy,Quiet,Full Bar,No,No,No,,Yes,No,,2
zpizza-missoula,zpizza,"['vegan', 'gluten_free', 'pizza']",46.8748735977736,-113.992619087631,MT,"32 Campus Dr, Missoula, MT 59812",1610.0486681680181,3.5,10,False,No,Yes,Yes,Yes,,,,Yes,,Yes,Yes,Casual,,Average,,Yes,,Yes,,,,,1
huhot-mongolian-grill-missoula,HuHot Mongolian Grill,['chinese'],46.839008,-114.03405,MT,"32 Campus Dr, Missoula, MT 59812",4496.798169567205,4.0,38,False,No,No,Yes,Yes,,Dinner,Private Lot,No,,Yes,Yes,Casual,Casual,Average,Beer & Wine Only,No,No,Yes,,Yes,No,,2
china-garden-restaurant-missoula,China Garden Restaurant,['chinese'],46.851284,-114.012566,MT,"32 Campus Dr, Missoula, MT 59812",2379.733373903762,4.5,20,False,Yes,No,Yes,Yes,,"Lunch, Dinner",Private Lot,No,,Yes,Yes,Casual,Casual,Quiet,Beer & Wine Only,No,No,No,,Yes,,,2
zimorinos-red-pies-over-montana-missoula-3,Zimorino's Red Pies Over Montana,['pizza'],46.8777809,-114.0120468,MT,"32 Campus Dr, Missoula, MT 59812",2739.6177079168338,3.0,12,False,No,Yes,Yes,Yes,,Dinner,,No,,Yes,No,Casual,,Average,No,Yes,,No,,No,No,,2
milos-missoula,Milo's,['restaurants'],46.87093,-113.992432,MT,"32 Campus Dr, Missoula, MT 59812",1205.5989098905457,4.0,1,False,,,,,,,,,,,,,,,,,,,,,,,
the-oxford-saloon-missoula,The Oxford Saloon,"['casinos', 'tradamerican']",46.873108,-113.994026,MT,"32 Campus Dr, Missoula, MT 59812",1461.1543461565054,3.5,27,False,No,No,Yes,Yes,,Late Night,Street,Yes,Yes,No,Yes,Casual,Divey,Average,Full Bar,No,No,Yes,,Yes,No,,1
the-thomas-meagher-bar-missoula,The Thomas Meagher Bar,"['irish', 'sportsbars']",46.8735886,-113.9942703,MT,"32 Campus Dr, Missoula, MT 59812",1536.5795180145535,3.5,9,False,No,No,Yes,Yes,No,,,Yes,Yes,Yes,Yes,Casual,,Very Loud,Full Bar,No,Free,Yes,No,Yes,,,2
press-box-missoula,Press Box,"['pizza', 'sportsbars']",46.868637,-113.98336,MT,"32 Campus Dr, Missoula, MT 59812",815.1711111826442,2.5,14,False,No,No,Yes,Yes,,,Private Lot,Yes,No,No,Yes,Casual,,Loud,Full Bar,No,Free,Yes,,Yes,No,,2
danss-soup-and-san-missoula,Dans's Soup and San,['soup'],46.843208,-114.028351,MT,"32 Campus Dr, Missoula, MT 59812",3874.0128778585176,4.0,8,False,No,Yes,Yes,Yes,,,,,,Yes,Yes,Casual,,,No,No,Free,No,,,,,1
noodle-express-missoula-2,Noodle Express,['chinese'],46.882893,-114.022377,MT,"32 Campus Dr, Missoula, MT 59812",3719.529564609942,3.5,17,False,No,,Yes,Yes,,Lunch,,No,Yes,Yes,No,Casual,Casual,Average,No,No,,No,,No,,,1
bamboo-chopstix-missoula,Bamboo Chopstix,['chinese'],46.8372993,-114.0100327,MT,"32 Campus Dr, Missoula, MT 59812",3307.1842244231066,3.5,15,False,No,No,Yes,Yes,,"Lunch, Dinner",Private Lot,Yes,Yes,Yes,Yes,Casual,Casual,Average,,No,Free,No,,Yes,No,,2
howards-pizza-villa-missoula,Howard's Pizza Villa,['pizza'],46.849064,-114.028831,MT,"32 Campus Dr, Missoula, MT 59812",3612.148972175783,4.0,16,False,No,Yes,Yes,Yes,,Dinner,Private Lot,,Yes,Yes,Yes,Casual,,Average,No,No,,Yes,,Yes,Yes,,1
jimmy-johns-missoula,Jimmy John's,['sandwiches'],46.873352,-113.992752,MT,"32 Campus Dr, Missoula, MT 59812",1458.1115203401444,3.0,10,False,No,Yes,Yes,Yes,,Lunch,Private Lot,Yes,Yes,Yes,Yes,Casual,Casual,Average,No,Yes,No,No,,No,Yes,,1
laughing-grizzly-bar-and-grill-casino-missoula-2,Laughing Grizzly Bar & Grill,"['casinos', 'bars', 'breakfast_brunch']",46.8862559,-114.0253937,MT,"32 Campus Dr, Missoula, MT 59812",4137.536839561534,3.0,17,False,Yes,No,Yes,Yes,,"Breakfast, Lunch, Dinner",Private Lot,Yes,Yes,Yes,Yes,Casual,Casual,Average,Full Bar,No,Free,Yes,No,Yes,Yes,,2
rubys-cafe-missoula,Ruby's Cafe,['sandwiches'],46.8512917,-114.0151901,MT,"32 Campus Dr, Missoula, MT 59812",2549.548451679829,3.5,18,False,No,No,Yes,Yes,,Breakfast,Private Lot,Yes,Yes,Yes,Yes,Casual,,Quiet,No,No,No,No,,Yes,No,,1
taco-del-sol-missoula,Taco del Sol,['mexican'],46.8734894,-113.9929504,MT,"32 Campus Dr, Missoula, MT 59812",1468.9251879455867,3.5,36,False,No,No,Yes,Yes,,Lunch,Street,Yes,Yes,Yes,Yes,Casual,Casual,Average,Beer & Wine Only,Yes,Free,No,,No,Yes,,1
romaines-missoula,Romaines,"['newamerican', 'salad', 'soup']",46.893304538469,-114.040998481214,MT,"32 Campus Dr, Missoula, MT 59812",5547.474560416785,4.5,11,False,No,No,Yes,Yes,,,,Yes,No,Yes,Yes,Casual,,Average,Beer & Wine Only,Yes,No,No,,No,No,,1
wheat-montana-missoula,Wheat Montana,['sandwiches'],46.8672905,-114.0400467,MT,"32 Campus Dr, Missoula, MT 59812",4249.2592720961775,3.5,13,False,No,No,Yes,Yes,,Breakfast,Private Lot,Yes,Yes,Yes,Yes,Casual,,Average,No,Yes,,No,,No,,,1
taco-del-sol-missoula-4,Taco Del Sol,['mexican'],46.850898,-114.016104,MT,"32 Campus Dr, Missoula, MT 59812",2643.9433619803967,4.5,4,False,No,No,Yes,Yes,,Lunch,Private Lot,,,Yes,Yes,Casual,,Loud,Beer & Wine Only,Yes,,No,,No,No,,1
uptown-diner-missoula,Uptown Diner,['diners'],46.870667,-113.994553,MT,"32 Campus Dr, Missoula, MT 59812",1265.6743088085052,3.0,24,False,No,No,Yes,Yes,,Breakfast,Street,Yes,Yes,Yes,Yes,Casual,Casual,Average,No,No,,No,,Yes,No,,1
ui-cha-pho-missoula-2,Ui-Cha! Pho,"['vietnamese', 'chinese']",46.8605765,-113.982128,MT,"32 Campus Dr, Missoula, MT 59812",229.4131874437384,2.0,1,False,No,No,Yes,Yes,,,"Garage, Street",Yes,Yes,Yes,Yes,Casual,,Average,No,Yes,No,No,Yes,No,Yes,,1
cyberdine-grill-missoula,Cyberdine Grill,['newamerican'],46.8611730708972,-113.989461460252,MT,"32 Campus Dr, Missoula, MT 59812",347.57476135207645,2.0,2,False,,,,,,,,,,,,,,,,Yes,,No,,,,,
dominics-delicatessen-missoula,Dominic's Delicatessen,['delis'],46.84911,-114.006348,MT,"32 Campus Dr, Missoula, MT 59812",2126.84132326438,5.0,1,False,,,,,,,,,,,,,,,,,,,,No,,,
mustard-seed-asian-cafe-missoula,Mustard Seed Asian Cafe,['chinese'],46.8440018,-114.0281525,MT,"32 Campus Dr, Missoula, MT 59812",3607.145790230807,3.0,47,False,Yes,Yes,Yes,Yes,,"Lunch, Dinner",Private Lot,Yes,Yes,Yes,Yes,Casual,Casual,Average,Full Bar,No,No,Yes,,Yes,Yes,,2
famous-daves-missoula,Famous Dave's,['bbq'],46.8918495,-114.040329,MT,"32 Campus Dr, Missoula, MT 59812",5365.593115654325,4.0,43,False,Yes,No,Yes,Yes,,"Lunch, Dinner",Private Lot,Yes,Yes,Yes,Yes,Casual,Casual,Average,Full Bar,Yes,Free,Yes,,Yes,Yes,,2
fiesta-en-jalisco-missoula-2,Fiesta En Jalisco,['mexican'],46.837604,-114.037963,MT,"32 Campus Dr, Missoula, MT 59812",4824.212253390376,3.5,15,False,No,No,Yes,Yes,,"Lunch, Dinner",Private Lot,Yes,Yes,Yes,Yes,Casual,Casual,Average,Beer & Wine Only,No,No,No,,Yes,,,2
caffe-dolce-missoula-3,Caffe Dolce,['italian'],46.8446007,-114.0261536,MT,"32 Campus Dr, Missoula, MT 59812",3882.877522319331,3.5,10,False,Yes,No,,Yes,,,,,,No,Yes,Casual,,Loud,Beer & Wine Only,Yes,Free,No,,Yes,No,,2
pagoda-chinese-food-missoula,Pagoda Chinese Food,['chinese'],46.8802185,-113.994133,MT,"32 Campus Dr, Missoula, MT 59812",2206.049919705078,4.0,8,False,No,No,Yes,Yes,,Lunch,Private Lot,Yes,,Yes,Yes,Casual,,Average,No,No,No,No,,Yes,No,,1
ambrosia-missoula,Ambrosia,['newamerican'],46.885746,-114.036964,MT,"32 Campus Dr, Missoula, MT 59812",4820.104098619949,4.0,13,False,No,No,Yes,Yes,,Lunch,Private Lot,Yes,Yes,Yes,Yes,Casual,,Average,No,No,No,No,,No,,,1
river-wok-grill-missoula,River Wok Grill,['restaurants'],46.86998,-113.985817,MT,"32 Campus Dr, Missoula, MT 59812",957.810695159601,3.0,9,False,No,No,Yes,Yes,,,Private Lot,No,,Yes,Yes,Casual,,Very Loud,Beer & Wine Only,No,No,No,,Yes,No,,1
hoagieville-missoula-2,Hoagieville,['restaurants'],46.8481102,-113.9975662,MT,"32 Campus Dr, Missoula, MT 59812",1773.2311401606364,4.0,5,False,,,Yes,Yes,,,,,,,,,,,,No,,,,,,,
blackjack-pizza-missoula,Blackjack Pizza,['pizza'],46.848579,-114.018723,MT,"32 Campus Dr, Missoula, MT 59812",2938.1008534992525,4.0,3,False,No,Yes,Yes,Yes,,,,No,,Yes,No,Casual,,,,Yes,,No,,,,,1
cafe-rio-mexican-grill-missoula,Cafe Rio Mexican Grill,['mexican'],46.8867471758516,-114.036796790021,MT,"32 Campus Dr, Missoula, MT 59812",4848.858240027596,3.5,35,False,No,Yes,Yes,Yes,,Lunch,,Yes,,Yes,Yes,Casual,Casual,Average,No,Yes,No,No,,No,Yes,,2
red-robin-gourmet-burgers-missoula,Red Robin Gourmet Burgers,"['burgers', 'tradamerican']",46.8446007,-114.0261536,MT,"32 Campus Dr, Missoula, MT 59812",4011.7478569398645,3.5,15,False,Yes,No,Yes,Yes,,,,Yes,,Yes,Yes,Casual,Casual,Loud,Full Bar,No,No,Yes,,Yes,,No,2
acropolis-gyros-and-greek-specialties-missoula,Acropolis Gyros & Greek Specialties,['restaurants'],46.848549,-113.99839,MT,"32 Campus Dr, Missoula, MT 59812",1741.4736594445023,4.0,4,False,No,No,Yes,Yes,,,,,,Yes,Yes,Casual,,Average,,Yes,,,,,,,1
jakers-bar-and-grill-missoula,Jakers Bar and Grill,"['bars', 'pizza']",46.8390388,-114.0335922,MT,"32 Campus Dr, Missoula, MT 59812",4456.093535788456,3.0,25,False,Yes,No,Yes,Yes,,,Private Lot,Yes,Yes,Yes,Yes,Casual,,Average,Full Bar,Yes,,Yes,,Yes,Yes,,2
triple-dragon-missoula,Triple Dragon,['chinese'],46.875656,-114.003624,MT,"32 Campus Dr, Missoula, MT 59812",2131.431044525927,2.5,12,False,No,Yes,Yes,Yes,,"Lunch, Dinner",Private Lot,,Yes,Yes,Yes,Casual,,Quiet,,No,No,Yes,,Yes,No,,2
mishkys-missoula,Mishky's,"['pizza', 'streetvendors']",46.8507309,-113.9667282,MT,"32 Campus Dr, Missoula, MT 59812",1270.4178322983712,5.0,1,False,,,,,,,,,,,,,,,,,,,,,,,
sushi-hana-downtown-missoula,Sushi Hana Downtown,"['japanese', 'sushi']",46.8734759,-113.993663,MT,"32 Campus Dr, Missoula, MT 59812",1499.9353453344715,3.0,41,False,Yes,No,Yes,Yes,,Dinner,Street,Yes,Yes,Yes,Yes,Casual,Casual,Very Loud,Beer & Wine Only,No,No,No,No,Yes,No,,2
qdoba-mexican-grill-missoula,Qdoba Mexican Grill,['mexican'],46.8678894,-113.9803772,MT,"32 Campus Dr, Missoula, MT 59812",754.0134625361421,3.0,5,False,No,No,Yes,Yes,,,,Yes,,Yes,Yes,Casual,,Average,No,No,,Yes,,No,,,2
hunter-bay-coffee-bar-missoula,Hunter Bay Coffee Bar,"['coffee', 'sandwiches']",46.86981,-113.994815,MT,"32 Campus Dr, Missoula, MT 59812",1201.9621493822106,3.0,3,False,,,,Yes,,,"Garage, Street",Yes,Yes,,,,,,,Yes,Free,,,,,,2
taco-bell-missoula-5,Taco Bell,"['mexican', 'tex-mex', 'hotdogs']",46.870468,-113.988846,MT,"32 Campus Dr, Missoula, MT 59812",1053.0620473749004,3.0,4,False,No,No,Yes,Yes,,Lunch,Private Lot,,,Yes,Yes,Casual,Casual,Quiet,No,No,,No,,No,No,Yes,1
wendys-missoula-2,Wendy's,"['burgers', 'hotdogs']",46.890289,-114.038612,MT,"32 Campus Dr, Missoula, MT 59812",5241.118053098518,5.0,5,False,No,No,Yes,Yes,,Lunch,,,,Yes,Yes,Casual,Casual,Average,No,Yes,,No,,No,Yes,Yes,1
hoagieville-missoula-4,Hoagieville,['sandwiches'],46.8467850476385,-114.026134443915,MT,"32 Campus Dr, Missoula, MT 59812",3531.0602457903974,3.0,6,False,No,No,Yes,Yes,,,,,,Yes,Yes,Casual,,Very Loud,No,No,No,No,,Yes,No,,1
china-buffet-missoula,China Buffet,['chinese'],46.8521385,-114.0124817,MT,"32 Campus Dr, Missoula, MT 59812",2339.422437068694,3.5,19,False,No,No,Yes,Yes,,"Lunch, Dinner",Private Lot,,,Yes,Yes,Casual,Casual,Average,No,No,No,No,,Yes,No,,1
viva-mexico-missoula,Viva Mexico,['mexican'],46.8487648665905,-114.032659158111,MT,"32 Campus Dr, Missoula, MT 59812",3918.1499699967367,4.5,9,False,,,Yes,Yes,,,,Yes,,Yes,Yes,Casual,,Quiet,Beer & Wine Only,Yes,,,,Yes,,,1
paradise-falls-missoula,Paradise Falls,"['bars', 'breakfast_brunch', 'tradamerican']",46.8383408,-114.0362701,MT,"32 Campus Dr, Missoula, MT 59812",4680.4908553325495,3.0,9,False,Yes,No,Yes,Yes,,,Private Lot,No,Yes,Yes,Yes,Casual,,Average,Full Bar,Yes,Free,Yes,,Yes,No,,2
romeos-italian-kitchen-missoula,Romeo's Italian Kitchen,"['food', 'italian', 'mediterranean']",46.8351517,-114.0124512,MT,"32 Campus Dr, Missoula, MT 59812",3590.8264171914175,2.5,5,False,Yes,No,Yes,Yes,,,Private Lot,Yes,Yes,Yes,Yes,Casual,,Quiet,Beer & Wine Only,Yes,Free,,,,No,,2
montana-jacks-missoula,Montana Jacks,"['casinos', 'newamerican', 'steak', 'armenian']",46.8485107,-114.0294724,MT,"32 Campus Dr, Missoula, MT 59812",3681.3766620561946,3.5,3,False,No,No,Yes,Yes,,,Private Lot,,Yes,Yes,No,Casual,,Average,Beer & Wine Only,No,,,,Yes,,,
pizza-hut-missoula,Pizza Hut,"['pizza', 'italian', 'chicken_wings']",46.868877,-113.983849,MT,"32 Campus Dr, Missoula, MT 59812",830.7800697328121,5.0,1,False,No,Yes,Yes,Yes,,,,,,Yes,No,Casual,,Loud,Beer & Wine Only,No,,No,,Yes,No,,1
tower-pizza-missoula,Tower Pizza,['pizza'],46.843296,-114.025406,MT,"32 Campus Dr, Missoula, MT 59812",3689.0394059557416,3.5,9,False,No,No,Yes,Yes,,,Private Lot,No,,Yes,Yes,Casual,,Loud,Beer & Wine Only,No,No,Yes,,Yes,No,,2
lighthouse-bistro-missoula,Lighthouse Bistro,['cafes'],46.8698248603954,-114.019307416533,MT,"32 Campus Dr, Missoula, MT 59812",2778.833231077206,3.0,1,False,No,No,Yes,Yes,,,,,,Yes,Yes,Casual,,,,,Free,Yes,,,,,1
civitella-espresso-bar-missoula,Civitella Espresso Bar,"['newamerican', 'cafes']",46.8698616,-113.9910583,MT,"32 Campus Dr, Missoula, MT 59812",1046.6864493427518,4.0,1,False,,,,,,,,,,,,,,,,,,,,,,,
hoagivielle-missoula,Hoagivielle,['sandwiches'],46.8872902538821,-114.039908591713,MT,"32 Campus Dr, Missoula, MT 59812",5077.161027120245,3.5,6,False,No,No,Yes,Yes,,,,,,Yes,Yes,Casual,,,,Yes,,,,,,,1
jim-johnson-deli-missoula,Jim Johnson Deli,['delis'],46.853065,-114.001167,MT,"32 Campus Dr, Missoula, MT 59812",1544.8625279872153,5.0,1,False,Yes,No,,Yes,,,,,,Yes,Yes,Dressy,,,,,,,Yes,,,,
city-brew-coffee-missoula-2,City Brew Coffee,['cafes'],46.8647340811589,-114.003684747935,MT,"32 Campus Dr, Missoula, MT 59812",1475.7292859913298,5.0,1,False,No,,No,Yes,,,,,,No,No,,,,,,,,,,,,
nara-korean-barbecue-and-sushi-missoula,Nara Korean Barbecue & Sushi,"['japanese', 'korean']",46.8932380545814,-114.04059901781,MT,"32 Campus Dr, Missoula, MT 59812",5519.427202390323,3.5,34,False,No,No,Yes,Yes,,"Lunch, Dinner",Private Lot,Yes,Yes,Yes,Yes,Casual,Casual,Average,Beer & Wine Only,Yes,No,No,,Yes,No,,2
hoagieville-missoula-3,Hoagieville,"['sandwiches', 'hotdogs']",46.877785,-114.012054,MT,"32 Campus Dr, Missoula, MT 59812",2756.123410588454,3.5,17,False,No,No,Yes,Yes,,"Lunch, Dinner",Private Lot,,,Yes,Yes,Casual,,Average,No,Yes,No,No,,No,No,Yes,1
dickeys-barbecue-pit-missoula-2,Dickey's Barbecue Pit,['bbq'],46.8453923106357,-114.038805393291,MT,"32 Campus Dr, Missoula, MT 59812",4468.368552322108,3.0,7,False,No,Yes,Yes,Yes,,,,,,,Yes,Casual,,Very Loud,No,No,,,,No,Yes,,3
buffalo-wild-wings-missoula,Buffalo Wild Wings,"['chicken_wings', 'tradamerican', 'sportsbars']",46.8891126662493,-114.041355550289,MT,"32 Campus Dr, Missoula, MT 59812",5270.003463934952,3.0,22,False,No,No,Yes,Yes,,Dinner,Private Lot,Yes,,Yes,Yes,Casual,Hipster,Very Loud,Full Bar,Yes,No,Yes,,Yes,Yes,,2
the-stone-of-accord-missoula,The Stone Of Accord,['irish'],46.9113388,-114.0356903,MT,"32 Campus Dr, Missoula, MT 59812",6758.076571877101,4.0,13,False,Yes,No,Yes,Yes,,,,Yes,,No,Yes,Casual,,Average,Full Bar,No,Free,Yes,,Yes,,,2
montana-club-north-reserve-missoula,Montana Club North Reserve,"['newamerican', 'breakfast_brunch']",46.9076614,-114.0385895,MT,"32 Campus Dr, Missoula, MT 59812",6567.2113793191265,3.5,51,False,Yes,No,Yes,Yes,,Lunch,Private Lot,Yes,,Yes,Yes,Casual,Classy,Average,Full Bar,No,Free,Yes,,Yes,,,2
brownies-taco-treat-missoula,Brownies-Taco Treat,['mexican'],46.853951,-114.009209,MT,"32 Campus Dr, Missoula, MT 59812",2007.5695311120837,4.0,6,False,No,No,Yes,Yes,,Lunch,Private Lot,,,Yes,Yes,Casual,,Average,Beer & Wine Only,No,Free,Yes,,Yes,No,,1
blue-canyon-kitchen-and-tavern-missoula-3,Blue Canyon Kitchen & Tavern,"['newamerican', 'steak']",46.904571,-114.038043,MT,"32 Campus Dr, Missoula, MT 59812",6274.298953423285,3.5,32,False,Yes,No,Yes,Yes,,Dinner,Private Lot,Yes,Yes,No,Yes,Casual,Casual,Average,Full Bar,Yes,Free,Yes,,Yes,Yes,,3
babas-burgers-and-gyros-missoula,Baba's Burgers & Gyros,"['tradamerican', 'burgers', 'greek']",46.8697395324707,-113.987487792969,MT,"32 Campus Dr, Missoula, MT 59812",943.3191146543257,5.0,1,False,No,No,Yes,Yes,,,Private Lot,Yes,Yes,Yes,Yes,Casual,,Average,No,Yes,Free,Yes,,No,No,No,1
missoula-fresh-market-missoula,Missoula Fresh Market,"['butcher', 'delis', 'grocery']",46.8757401,-114.0052032,MT,"32 Campus Dr, Missoula, MT 59812",2222.9479302623854,3.0,1,False,No,,,,,,,,,,,,,,,,,,,,,,
sean-kellys-stone-of-accord-missoula,Sean Kelly's Stone of Accord,"['irish', 'bars']",46.9080124,-114.0373917,MT,"32 Campus Dr, Missoula, MT 59812",6520.715481941479,3.5,35,False,Yes,No,Yes,Yes,,"Lunch, Dinner",Private Lot,No,Yes,Yes,Yes,Casual,Casual,Average,Full Bar,No,Free,Yes,,Yes,Yes,,2
china-bowl-missoula-2,China Bowl,['chinese'],46.8907447904348,-114.040401354432,MT,"32 Campus Dr, Missoula, MT 59812",5389.7214303695555,3.0,17,False,Yes,Yes,Yes,Yes,,Lunch,Private Lot,No,Yes,Yes,Yes,Casual,Casual,Quiet,Beer & Wine Only,No,No,No,,Yes,No,,2
mackenzie-river-pizza-co-missoula-3,MacKenzie River Pizza Co.,"['italian', 'pizza']",46.9139099,-114.0330276,MT,"32 Campus Dr, Missoula, MT 59812",6891.288155172041,3.5,48,False,Yes,Yes,Yes,Yes,,Dinner,Private Lot,Yes,Yes,Yes,Yes,Casual,Casual,Average,Beer & Wine Only,Yes,Free,No,No,Yes,Yes,,2
the-notorious-pig-bbq-missoula,The Notorious PIG BBQ,['bbq'],46.871166,-113.997695,MT,"32 Campus Dr, Missoula, MT 59812",1453.4303519523835,4.5,16,False,,,Yes,Yes,,,,,,Yes,,Casual,,Average,Beer & Wine Only,Yes,,,,No,,,2
subway-missoula-16,Subway,"['sandwiches', 'hotdogs']",46.8737559496586,-113.995010666549,MT,"32 Campus Dr, Missoula, MT 59812",1575.264742505487,2.0,1,False,No,No,Yes,Yes,,,,Yes,,Yes,Yes,Casual,,,,,,No,,,,,
carvers-deli-missoula,Carvers Deli,['delis'],46.859183,-114.038711,MT,"32 Campus Dr, Missoula, MT 59812",4098.678853481007,3.5,8,False,No,No,Yes,Yes,,,Private Lot,Yes,No,Yes,No,Casual,,,,,,No,,,Yes,,2
taco-johns-missoula,Taco John's,['mexican'],46.8745193,-114.0030212,MT,"32 Campus Dr, Missoula, MT 59812",2017.0551759016994,3.5,4,False,No,No,Yes,Yes,,,,No,,Yes,Yes,Casual,,Average,No,Yes,Free,No,,No,Yes,,1
hooters-missoula,Hooters,"['sportsbars', 'tradamerican', 'chicken_wings']",46.9031487,-114.0375977,MT,"32 Campus Dr, Missoula, MT 59812",2472.7436734300177,2.5,14,False,No,No,Yes,Yes,,,,Yes,,No,Yes,Casual,,Average,Full Bar,Yes,Free,Yes,,Yes,Yes,,2
taco-del-sol-missoula-3,Taco Del Sol,['mexican'],46.877857,-114.019928,MT,"32 Campus Dr, Missoula, MT 59812",3233.502582603587,3.0,4,False,No,No,Yes,,,,,,Yes,,,,,,Beer & Wine Only,Yes,,,,No,,,
lucky-strike-restaurant-missoula,Lucky Strike Restaurant,"['restaurants', 'casinos']",46.8470383,-114.0201492,MT,"32 Campus Dr, Missoula, MT 59812",3123.1518805476594,5.0,1,False,No,No,No,Yes,,,,Yes,,No,Yes,Casual,,Quiet,Full Bar,,No,Yes,,Yes,,,1
taco-sano-missoula-3,Taco Sano,"['mexican', 'hotdogs']",46.8460159,-114.0187302,MT,"32 Campus Dr, Missoula, MT 59812",3138.5665491262184,2.0,2,False,,,,,,,,,,,,,,,,,,,,,,,
honey-teriyaki-express-missoula,Honey Teriyaki Express,['chinese'],46.8374596,-114.0365677,MT,"32 Campus Dr, Missoula, MT 59812",4724.602523386319,3.5,6,False,No,Yes,Yes,Yes,,Lunch,,No,,Yes,No,Casual,,Quiet,No,No,No,No,,No,No,,1
johnny-carinos-missoula,Johnny Carino's,"['italian', 'pizza']",46.9025307,-114.0383377,MT,"32 Campus Dr, Missoula, MT 59812",6122.694995332129,3.0,31,False,No,Yes,Yes,Yes,,Dinner,Private Lot,,Yes,Yes,Yes,Casual,Casual,Very Loud,Beer & Wine Only,No,Free,Yes,,Yes,Yes,,2
river-city-grill-missoula,River City Grill,['restaurants'],46.8755531,-113.8867493,MT,"32 Campus Dr, Missoula, MT 59812",7595.637879136573,4.0,12,False,No,No,Yes,Yes,,"Breakfast, Lunch",Private Lot,Yes,,Yes,Yes,Casual,,Quiet,Beer & Wine Only,Yes,No,Yes,,Yes,,,2
mcdonalds-missoula-2,McDonald's,"['burgers', 'hotdogs']",46.8399582,-114.029808,MT,"32 Campus Dr, Missoula, MT 59812",4170.045372137053,3.0,4,False,No,No,Yes,Yes,,,,No,,Yes,Yes,Casual,,Average,No,No,Free,No,,No,No,Yes,1
two-sisters-missoula,Two Sisters,['diners'],46.8751106,-113.9931717,MT,"32 Campus Dr, Missoula, MT 59812",1656.6459391257538,5.0,1,False,,,,,,,,,,,,,,,,,,,,,,,
outback-steakhouse-missoula,Outback Steakhouse,['steak'],46.8872485309839,-114.039427042007,MT,"32 Campus Dr, Missoula, MT 59812",5050.78082495747,3.5,15,False,Yes,No,Yes,Yes,,,Private Lot,Yes,,Yes,Yes,Casual,,Average,Full Bar,No,No,Yes,,Yes,No,,2
kfc-missoula-2,KFC,"['chicken_wings', 'hotdogs']",46.840267,-114.02951,MT,"32 Campus Dr, Missoula, MT 59812",4098.540847787877,3.0,5,False,No,No,Yes,Yes,,,,,,Yes,Yes,Casual,,Average,No,No,No,No,,No,No,,3
taco-del-sol-missoula-2,Taco del Sol,"['hotdogs', 'mexican']",46.893122667233996,-114.04088771376999,MT,"32 Campus Dr, Missoula, MT 59812",5528.08133252438,3.5,12,False,No,No,Yes,Yes,,Lunch,Private Lot,Yes,Yes,Yes,Yes,Casual,Casual,Average,Beer & Wine Only,No,Free,No,,No,No,No,1
dennys-missoula,Denny's,"['diners', 'tradamerican']",46.8436508,-114.0249176,MT,"32 Campus Dr, Missoula, MT 59812",3625.912170919911,2.5,11,False,No,No,Yes,Yes,,,Private Lot,,,Yes,Yes,Casual,,Average,,No,,No,,Yes,No,,2
taco-johns-missoula-2,Taco John's,['mexican'],46.8467484,-114.0391464,MT,"32 Campus Dr, Missoula, MT 59812",4452.268041739769,3.0,6,False,No,No,Yes,Yes,,,Private Lot,Yes,,Yes,Yes,Casual,,Average,No,Yes,No,No,,No,No,,1
lighthouse-espresso-missoula,Lighthouse Espresso,"['coffee', 'juicebars', 'sandwiches']",46.882206,-114.021461,MT,"32 Campus Dr, Missoula, MT 59812",3633.112034911083,3.5,4,False,No,Yes,Yes,Yes,,,,No,,Yes,Yes,Casual,,,No,Yes,,No,,Yes,,,1
little-caesars-pizza-missoula,Little Caesar's Pizza,['pizza'],46.8560943603516,-114.015037536621,MT,"32 Campus Dr, Missoula, MT 59812",1270.4178322983712,4.0,2,False,No,No,Yes,Yes,,,,,,Yes,,Casual,,Average,No,No,,No,,No,No,,1
cracker-barrel-old-country-store-missoula,Cracker Barrel Old Country Store,['tradamerican'],46.9151611,-114.0354385,MT,"32 Campus Dr, Missoula, MT 59812",7103.784847300685,3.5,30,False,No,No,Yes,Yes,,Breakfast,Private Lot,Yes,Yes,Yes,Yes,Casual,Casual,Average,No,No,No,No,,Yes,No,,1
tarantinos-pizzeria-missoula,Tarantino's Pizzeria,['pizza'],46.833695,-114.049391,MT,"32 Campus Dr, Missoula, MT 59812",5791.18090530334,3.0,4,False,No,Yes,Yes,Yes,,,,,No,,,Casual,,,,,,,,,No,,
masala-missoula,Masala,"['indpak', 'foodstands']",46.87279,-113.99625,MT,"32 Campus Dr, Missoula, MT 59812",2632.4851219532848,5.0,1,False,,,,,,,,,,,,,,,,,,,,,,,
greek-gyros-missoula,Greek Gyros,['greek'],46.8446007,-114.0261536,MT,"32 Campus Dr, Missoula, MT 59812",3784.8783815589914,3.5,3,False,No,No,Yes,Yes,,,,No,,Yes,No,Casual,,,,,,No,,,,,1
pizza-hut-missoula-6,Pizza Hut,"['pizza', 'italian', 'chicken_wings']",46.8857384,-114.0369568,MT,"32 Campus Dr, Missoula, MT 59812",4754.974370428429,3.5,3,False,No,No,Yes,Yes,,,,,No,,,,,,,,,,,,No,,
mcdonalds-missoula-3,McDonald's,"['hotdogs', 'burgers']",46.870226,-113.984574,MT,"32 Campus Dr, Missoula, MT 59812",982.855065839676,4.0,2,False,No,No,Yes,Yes,,,,Yes,,Yes,Yes,Casual,,,,,,Yes,,,,Yes,1
noodle-express-missoula,Noodle Express,['restaurants'],46.8440018,-114.0281525,MT,"32 Campus Dr, Missoula, MT 59812",3607.145790230807,1.5,7,False,No,No,Yes,Yes,,Lunch,,Yes,,Yes,No,Casual,,Average,No,No,No,No,,No,No,,2
applebees-missoula,Applebee's,"['sportsbars', 'burgers', 'tradamerican']",46.833921,-114.048453,MT,"32 Campus Dr, Missoula, MT 59812",5717.419544141094,1.5,11,False,No,No,Yes,Yes,,Dessert,,Yes,,Yes,Yes,Casual,Casual,Average,Full Bar,Yes,No,Yes,,Yes,No,,2
jimmy-johns-missoula-3,Jimmy John's,['sandwiches'],46.8857928,-114.0364748,MT,"32 Campus Dr, Missoula, MT 59812",4767.810354854467,3.0,1,False,,,,,,,,,,,,,,,,,,,,,,,
fiesta-en-jalisco-missoula,Fiesta En Jalisco,['mexican'],46.9102669,-114.0352631,MT,"32 Campus Dr, Missoula, MT 59812",6626.34301651238,3.0,24,False,No,No,Yes,Yes,,"Lunch, Dinner",Private Lot,Yes,Yes,Yes,Yes,Casual,Casual,Average,Full Bar,No,,Yes,,Yes,,,2
subway-missoula-4,Subway,"['sandwiches', 'hotdogs']",46.86998,-113.985817,MT,"32 Campus Dr, Missoula, MT 59812",957.810695159601,2.0,1,False,No,Yes,Yes,Yes,,,,,,Yes,Yes,Casual,,Average,No,No,No,No,,No,Yes,,1
nara-korean-bar-b-que-missoula,Nara Korean Bar-B-Que,"['japanese', 'korean', 'sushi']",46.893486,-114.0394287,MT,"32 Campus Dr, Missoula, MT 59812",5569.579232961846,3.5,9,False,Yes,No,Yes,Yes,,"Lunch, Dinner",Private Lot,,Yes,Yes,Yes,Casual,,Loud,Beer & Wine Only,Yes,,No,,Yes,,,2
fuddruckers-missoula,Fuddruckers,"['burgers', 'tradamerican']",46.891129,-114.040123,MT,"32 Campus Dr, Missoula, MT 59812",5345.843722210885,3.5,17,False,No,No,Yes,Yes,,Lunch,Private Lot,Yes,Yes,Yes,Yes,Casual,,Average,Beer & Wine Only,Yes,No,Yes,,No,No,No,1
papa-murphys-pizza-missoula-2,Papa Murphy's Pizza,['pizza'],46.866726,-114.024666,MT,"32 Campus Dr, Missoula, MT 59812",3069.3494380291145,4.0,2,False,,No,Yes,Yes,,,,,,No,No,,,,,,,,,,,,
silver-slipper-sports-bar-and-grill-missoula,Silver Slipper Sports Bar & Grill,"['sportsbars', 'tradamerican']",46.833618,-114.049423,MT,"32 Campus Dr, Missoula, MT 59812",5791.18090530334,4.0,5,False,No,Yes,Yes,Yes,,,,Yes,Yes,No,Yes,Casual,,Loud,Full Bar,Yes,,Yes,,Yes,,,2
taco-bell-missoula,Taco Bell,"['mexican', 'tex-mex', 'hotdogs']",46.835588,-114.042006,MT,"32 Campus Dr, Missoula, MT 59812",5204.931923383671,2.5,5,False,,,Yes,,,,,,,,,Casual,,,,Yes,,,,No,,,
taco-bell-missoula-3,Taco Bell,"['mexican', 'tex-mex', 'hotdogs']",46.890445,-114.039454,MT,"32 Campus Dr, Missoula, MT 59812",5256.652374937029,3.5,4,False,No,No,Yes,Yes,,,,No,,Yes,Yes,Casual,,Quiet,No,No,,,,No,No,Yes,1
arbys-missoula-2,Arby's,['sandwiches'],46.844059,-114.024452,MT,"32 Campus Dr, Missoula, MT 59812",3570.1347920664234,5.0,1,False,No,No,Yes,Yes,,,,,,Yes,No,Casual,,,,,,,,,,,1
dominos-pizza-missoula,Domino's Pizza,"['pizza', 'chicken_wings', 'sandwiches']",46.8492,-113.997556,MT,"32 Campus Dr, Missoula, MT 59812",1662.2937644226065,3.0,8,False,No,Yes,Yes,Yes,,,,,,Yes,No,Casual,,Quiet,No,No,No,No,,No,,,2
wendys-missoula,Wendy's,"['burgers', 'hotdogs']",46.8431206,-114.0267715,MT,"32 Campus Dr, Missoula, MT 59812",3779.277448976607,1.0,1,False,No,No,Yes,Yes,,,,,,Yes,,,,,,,,,,,,,1
pizza-hut-missoula-2,Pizza Hut,"['pizza', 'italian', 'chicken_wings']",46.83601,-114.042725,MT,"32 Campus Dr, Missoula, MT 59812",5224.833846148863,3.5,3,False,,Yes,Yes,Yes,,,,,,Yes,Yes,Casual,,,,,,,,,,,
i-hop-restaurant-missoula,I Hop Restaurant,['restaurants'],46.90379,-114.038437,MT,"32 Campus Dr, Missoula, MT 59812",6225.847092555344,4.0,1,False,,,,,,,,,,,,,,,,,,,,,,,
pretzel-place-missoula,Pretzel Place,['restaurants'],46.8440018,-114.0281525,MT,"32 Campus Dr, Missoula, MT 59812",3607.145790230807,5.0,1,False,,,,Yes,,,,,,,,,,,,,,Yes,,,,,
papa-murphys-pizza-missoula,Papa Murphy's Pizza,['pizza'],46.8366352468729,-114.018181934953,MT,"32 Campus Dr, Missoula, MT 59812",3737.545570843257,5.0,1,False,,,,,,,,,,,,,,,,,,,,,,,
stageline-pizza-missoula,Stageline Pizza,['pizza'],46.8372993,-114.0100327,MT,"32 Campus Dr, Missoula, MT 59812",5079.9766888240165,2.5,2,False,,Yes,Yes,,,,,,,,,,,,,,,,,,,,
quiznos-missoula-2,Quiznos,"['hotdogs', 'sandwiches']",46.8943080483558,-114.040650129318,MT,"32 Campus Dr, Missoula, MT 59812",5599.417041380325,4.5,2,False,,,,,,,,Yes,,Yes,,Casual,,,,,,,,,Yes,,
little-caesars-pizza-missoula-4,Little Caesars Pizza,['pizza'],46.893486,-114.0394287,MT,"32 Campus Dr, Missoula, MT 59812",5566.393232106113,5.0,1,False,,,,,,,,,,,,,,,,,,,,,,,
burger-king-missoula,Burger King,"['burgers', 'hotdogs']",46.8691406,-113.9854279,MT,"32 Campus Dr, Missoula, MT 59812",860.1312154254992,2.0,2,False,No,No,Yes,Yes,,,,,,Yes,Yes,Casual,,Quiet,No,Yes,Free,No,,No,No,,2
bobs-pizza-plus-missoula,Bob's Pizza Plus,['pizza'],46.8446007,-114.0261536,MT,"32 Campus Dr, Missoula, MT 59812",4011.7478569398645,4.0,1,False,,,,,,,,,,Yes,,,,,Full Bar,,,,,,,,
subway-missoula-12,Subway,"['sandwiches', 'hotdogs']",46.8791008,-114.0200577,MT,"32 Campus Dr, Missoula, MT 59812",3315.0996883588687,1.5,2,False,No,No,,Yes,,,,,,Yes,Yes,,,,,,,,,,,,
dairy-queen-missoula-4,Dairy Queen,"['hotdogs', 'icecream']",46.9060796325846,-114.039212424696,MT,"32 Campus Dr, Missoula, MT 59812",6459.972276873019,3.5,7,False,No,No,Yes,Yes,,,Private Lot,Yes,,Yes,Yes,Casual,Casual,Average,No,Yes,Free,No,,No,No,Yes,1
burger-king-missoula-2,Burger King,"['burgers', 'hotdogs']",46.889282,-114.040024,MT,"32 Campus Dr, Missoula, MT 59812",5165.556937210794,3.5,3,False,No,No,Yes,Yes,,,,,,Yes,Yes,Casual,,Average,No,No,No,No,,Yes,No,Yes,1
china-gardens-restaurant-missoula,China Gardens Restaurant,['restaurants'],46.8585166931152,-114.012397766113,MT,"32 Campus Dr, Missoula, MT 59812",4345.531763599819,4.0,1,False,No,,Yes,Yes,,,,,,Yes,Yes,Casual,,Average,,No,No,No,,Yes,,,2
the-loose-caboose-missoula,The Loose Caboose,"['cafes', 'juicebars']",46.8851204,-114.0821304,MT,"32 Campus Dr, Missoula, MT 59812",7823.136563581618,4.5,2,False,No,No,No,Yes,,,,No,,No,No,Casual,,,,No,,No,,No,No,,1
taco-time-missoula,Taco Time,['mexican'],46.908382,-114.036132,MT,"32 Campus Dr, Missoula, MT 59812",6531.801367992581,2.5,2,False,No,No,Yes,Yes,,,,,,Yes,Yes,Casual,,,,No,,No,,,,,1
jimmy-johns-missoula-2,Jimmy John's,['sandwiches'],46.8857928,-114.0364748,MT,"32 Campus Dr, Missoula, MT 59812",4767.810354854467,5.0,1,False,No,Yes,Yes,Yes,,,,,,Yes,Yes,Casual,,,,,,Yes,,,Yes,,1
ihop-missoula,IHOP,"['tradamerican', 'breakfast_brunch', 'burgers']",46.90379,-114.038437,MT,"32 Campus Dr, Missoula, MT 59812",6225.847092555344,2.0,9,False,No,No,Yes,Yes,,,,Yes,,Yes,Yes,Casual,,Quiet,No,No,,No,,Yes,,No,1
arbys-missoula-3,Arby's,['hotdogs'],46.893673,-114.039871,MT,"32 Campus Dr, Missoula, MT 59812",5508.552455967864,4.0,1,False,,,,,,,,,,,,,,,,,,,,,,,
mcdonalds-missoula,McDonald's,"['burgers', 'hotdogs']",46.9071999,-114.0371323,MT,"32 Campus Dr, Missoula, MT 59812",6459.310327213422,2.0,1,False,,,,,,,,,,,,,,,,,,,,,,,
jokers-wild-casino-and-restaurant-missoula,Jokers Wild Casino & Restaurant,"['casinos', 'seafood']",46.9095306,-114.0366821,MT,"32 Campus Dr, Missoula, MT 59812",6671.410192070143,1.5,3,False,No,No,Yes,Yes,,,,,,No,Yes,Casual,,Very Loud,Full Bar,No,,Yes,,Yes,Yes,,2
the-ranch-club-missoula,The Ranch Club,['newamerican'],46.8990173,-114.1147537,MT,"32 Campus Dr, Missoula, MT 59812",10830.290458021982,4.5,3,False,Yes,No,,Yes,,,,,,No,No,Casual,,Very Loud,Full Bar,Yes,,,,Yes,,,3
jokers-wild-bar-and-restaurant-missoula,Jokers Wild Bar & Restaurant,"['restaurants', 'casinos']",46.9095306,-114.0366821,MT,"32 Campus Dr, Missoula, MT 59812",6671.410192070143,3.0,1,False,,,,,,,,,,,,,,,,,,,,,,,
airport-restaurant-and-lounge-missoula,Airport Restaurant and Lounge,"['bars', 'sandwiches']",46.9189682,-114.0784302,MT,"32 Campus Dr, Missoula, MT 59812",9871.43556557503,3.5,3,False,,,,Yes,,,,,,,,Casual,,,,,,,,Yes,,,
lolo-creek-steakhouse-lolo,Lolo Creek Steakhouse,"['bars', 'steak']",46.7569542,-114.0882111,MT,"32 Campus Dr, Missoula, MT 59812",14007.701443829093,4.0,47,False,Yes,No,No,Yes,,Dinner,Private Lot,No,Yes,Yes,Yes,Casual,Touristy,Average,Full Bar,No,No,No,,Yes,No,,3
jedediahs-at-the-airport-missoula,Jedediah's At the Airport,['tradamerican'],46.9189682,-114.0784302,MT,"32 Campus Dr, Missoula, MT 59812",9871.43556557503,3.0,1,False,No,No,Yes,Yes,,,,No,,Yes,Yes,Casual,,,Full Bar,No,Free,Yes,,,,,2
heraldos-mexican-restaurant-lolo,Heraldo's Mexican Restaurant,['mexican'],46.765316,-114.079346,MT,"32 Campus Dr, Missoula, MT 59812",12875.477452223611,2.5,9,False,,No,,Yes,,,,,,,Yes,,,Average,No,,,,,Yes,,,
hayloft-saloon-and-restaurant-lolo,Hayloft Saloon & Restaurant,['tradamerican'],46.757062935786,-114.082674980164,MT,"32 Campus Dr, Missoula, MT 59812",13782.025538592718,2.5,10,False,No,No,Yes,Yes,,,,No,,No,No,Casual,,Loud,Full Bar,No,No,No,,Yes,No,,1
new-hong-kong-chef-lolo,New Hong Kong Chef,['chinese'],46.762173,-114.080605,MT,"32 Campus Dr, Missoula, MT 59812",13219.617171473845,3.0,1,False,,,Yes,,,,,,,Yes,Yes,,,,,,,,,,,,
crossroads-missoula-2,Crossroads,['restaurants'],46.9484215,-114.1298523,MT,"32 Campus Dr, Missoula, MT 59812",14668.26710633465,3.5,2,False,,,,,,,,,,,,,,,,,,,,,,,
quiznos-lolo-2,Quiznos,"['hotdogs', 'sandwiches']",46.756081,-114.083076,MT,"32 Campus Dr, Missoula, MT 59812",13883.994671511375,2.0,1,False,No,No,No,Yes,,,,,No,,,,,,,,,,,,Yes,,
wheat-montana-missoula-3,Wheat Montana,"['bakeries', 'breakfast_brunch']",46.95242136333,-114.130732789636,MT,"32 Campus Dr, Missoula, MT 59812",15006.335516677003,5.0,4,False,,,,,,,,,,,,,,,,,,,,,,,
mcdonalds-lolo,McDonald's,"['hotdogs', 'burgers']",46.757135912776,-114.082088246942,MT,"32 Campus Dr, Missoula, MT 59812",13717.748602908636,5.0,1,False,,,,,,,,,,,,,,,,,,,,,,,
a-and-o-heart-centered-therapy-lolo,A & O Heart Centered Therapy,['restaurants'],46.736965,-114.126503,MT,"32 Campus Dr, Missoula, MT 59812",17551.942980193082,5.0,1,False,,,,,,,,,,,,,,,,,,,,,,,
